Workbook

Sheet PL 300726
A1: ITEM ID | B1: PART | C1: CTO | D1: SC | E1: FUNCTIONAL_PART | F1: DESCRIPTION | G1: DETECTOR_ROLE | H1: SUPPLIER NOTES | I1: CLOSING NOTES | J1: STATUS ELECNOR | K1: STATUS IUP | L1: CLOSING DATE ENEL | M1: CLOSING DATE - ELECNOR | N1: CIRCUITO | O1: ESTADO | P1: DETALLE ESTADO | Q1: EXTERNO
A2: PHL-39058 | B2: Cables | C2: CAJAS | D2: CAJAS | E2: Caja de empalme continua a la ITS24 | F2: Sellado ductos material impermeabilizante | G2: Electrical Specialist | H2: Pendiente validacion de enel | J2: CL | K2: CERRADO | L2: 46303 | N2: =IF(ISNUMBER(PL[[#This Row],[CTO]]),"CTO "&PL[[#This Row],[CTO]],"Otros") -> Otros | O2: =IF(PL[[#This Row],[STATUS IUP]]="CERRADO","CERRADO",IF(ISNUMBER(SEARCH("validacion de enel",PL[[#This Row],[SUPPLIER NOTES]])),"PTE Validar Enel","ABIERTO")) -> CERRADO | P2: =IF(PL[[#This Row],[ESTADO]]="CERRADO","Cerrados IUP",IF(PL[[#This Row],[ESTADO]]="PTE Validar Enel","Pendiente cierre ENEL",IF(ISNUMBER(SEARCH("suministro",PL[[#This Row],[SUPPLIER NOTES]])),"Suministros",IF(PL[[#This Row],[SC]]="SOCIAL","Social",IF(ISNUMBER(SEARCH("monolito",PL[[#This Row],[DESCRIPTION]])),"Monolitos","Varios"))))) -> Cerrados IUP | Q2: =IF(ISNA(MATCH(PL[[#This Row],[ITEM ID]],Externos!$A:$A,0)),"",IF(PL[[#This Row],[DETECTOR_ROLE]]="Sustainability Manager","SOCIAL",IF(INDEX(Externos!$D:$D,MATCH(PL[[#This Row],[ITEM ID]],Externos!$A:$A,0))="TRINA",IF(PL[[#This Row],[DETECTOR_ROLE]]="O&M","Trina O&M",IF(PL[[#This Row],[DETECTOR_ROLE]]="Commissioning Manager","Trina Commissioning","Trina Electric")),"O&M")))
A3: PHL-39065 | B3: Cables | C3: CAJAS | D3: CAJAS | E3: Caja de empalme continua a la ITS24 | F3: Retoque de pintura en tapas metalicas | G3: Civil Specialist | H3: Pendiente validacion de enel | J3: OP | K3: ABIERTO | N3: =IF(ISNUMBER(PL[[#This Row],[CTO]]),"CTO "&PL[[#This Row],[CTO]],"Otros") -> Otros | O3: =IF(PL[[#This Row],[STATUS IUP]]="CERRADO","CERRADO",IF(ISNUMBER(SEARCH("validacion de enel",PL[[#This Row],[SUPPLIER NOTES]])),"PTE Validar Enel","ABIERTO")) -> PTE Validar Enel | P3: =IF(PL[[#This Row],[ESTADO]]="CERRADO","Cerrados IUP",IF(PL[[#This Row],[ESTADO]]="PTE Validar Enel","Pendiente cierre ENEL",IF(ISNUMBER(SEARCH("suministro",PL[[#This Row],[SUPPLIER NOTES]])),"Suministros",IF(PL[[#This Row],[SC]]="SOCIAL","Social",IF(ISNUMBER(SEARCH("monolito",PL[[#This Row],[DESCRIPTION]])),"Monolitos","Varios"))))) -> Pendiente cierre ENEL | Q3: =IF(ISNA(MATCH(PL[[#This Row],[ITEM ID]],Externos!$A:$A,0)),"",IF(PL[[#This Row],[DETECTOR_ROLE]]="Sustainability Manager","SOCIAL",IF(INDEX(Externos!$D:$D,MATCH(PL[[#This Row],[ITEM ID]],Externos!$A:$A,0))="TRINA",IF(PL[[#This Row],[DETECTOR_ROLE]]="O&M","Trina O&M",IF(PL[[#This Row],[DETECTOR_ROLE]]="Commissioning Manager","Trina Commissioning","Trina Electric")),"O&M")))
A4: PHL-39082 | B4: Cables | C4: CAJAS | D4: CAJAS | E4: caja de paso de la OC5 costado Sur de los CTOS 8-9-10 : | F4: Sellado ductos material impermeabilizante | G4: Electrical Specialist | H4: Pendiente validacion de enel | J4: CL | K4: CERRADO | L4: 46303 | N4: =IF(ISNUMBER(PL[[#This Row],[CTO]]),"CTO "&PL[[#This Row],[CTO]],"Otros") -> Otros | O4: =IF(PL[[#This Row],[STATUS IUP]]="CERRADO","CERRADO",IF(ISNUMBER(SEARCH("validacion de enel",PL[[#This Row],[SUPPLIER NOTES]])),"PTE Validar Enel","ABIERTO")) -> CERRADO | P4: =IF(PL[[#This Row],[ESTADO]]="CERRADO","Cerrados IUP",IF(PL[[#This Row],[ESTADO]]="PTE Validar Enel","Pendiente cierre ENEL",IF(ISNUMBER(SEARCH("suministro",PL[[#This Row],[SUPPLIER NOTES]])),"Suministros",IF(PL[[#This Row],[SC]]="SOCIAL","Social",IF(ISNUMBER(SEARCH("monolito",PL[[#This Row],[DESCRIPTION]])),"Monolitos","Varios"))))) -> Cerrados IUP | Q4: =IF(ISNA(MATCH(PL[[#This Row],[ITEM ID]],Externos!$A:$A,0)),"",IF(PL[[#This Row],[DETECTOR_ROLE]]="Sustainability Manager","SOCIAL",IF(INDEX(Externos!$D:$D,MATCH(PL[[#This Row],[ITEM ID]],Externos!$A:$A,0))="TRINA",IF(PL[[#This Row],[DETECTOR_ROLE]]="O&M","Trina O&M",IF(PL[[#This Row],[DETECTOR_ROLE]]="Commissioning Manager","Trina Commissioning","Trina Electric")),"O&M")))
A5: PHL-39090 | B5: Cables | C5: CAJAS | D5: CAJAS | E5: Caja de paso del costado norte de la OC5 de los CTOS 8-9-10 | F5: Sellado ductos material impermeabilizante | G5: Electrical Specialist | H5: Pendiente validacion de enel | J5: CL | K5: CERRADO | L5: 46303 | N5: =IF(ISNUMBER(PL[[#This Row],[CTO]]),"CTO "&PL[[#This Row],[CTO]],"Otros") -> Otros | O5: =IF(PL[[#This Row],[STATUS IUP]]="CERRADO","CERRADO",IF(ISNUMBER(SEARCH("validacion de enel",PL[[#This Row],[SUPPLIER NOTES]])),"PTE Validar Enel","ABIERTO")) -> CERRADO | P5: =IF(PL[[#This Row],[ESTADO]]="CERRADO","Cerrados IUP",IF(PL[[#This Row],[ESTADO]]="PTE Validar Enel","Pendiente cierre ENEL",IF(ISNUMBER(SEARCH("suministro",PL[[#This Row],[SUPPLIER NOTES]])),"Suministros",IF(PL[[#This Row],[SC]]="SOCIAL","Social",IF(ISNUMBER(SEARCH("monolito",PL[[#This Row],[DESCRIPTION]])),"Monolitos","Varios"))))) -> Cerrados IUP | Q5: =IF(ISNA(MATCH(PL[[#This Row],[ITEM ID]],Externos!$A:$A,0)),"",IF(PL[[#This Row],[DETECTOR_ROLE]]="Sustainability Manager","SOCIAL",IF(INDEX(Externos!$D:$D,MATCH(PL[[#This Row],[ITEM ID]],Externos!$A:$A,0))="TRINA",IF(PL[[#This Row],[DETECTOR_ROLE]]="O&M","Trina O&M",IF(PL[[#This Row],[DETECTOR_ROLE]]="Commissioning Manager","Trina Commissioning","Trina Electric")),"O&M")))
A6: PHL-39096 | B6: Cables | C6: CAJAS | D6: CAJAS | E6: Caja de paso del costado norte de la OC5 de los CTOS 8-9-16 | F6: Retoque de pintura en tapas metalicas | G6: Civil Specialist | H6: Pendiente validacion de enel | J6: OP | K6: ABIERTO | N6: =IF(ISNUMBER(PL[[#This Row],[CTO]]),"CTO "&PL[[#This Row],[CTO]],"Otros") -> Otros | O6: =IF(PL[[#This Row],[STATUS IUP]]="CERRADO","CERRADO",IF(ISNUMBER(SEARCH("validacion de enel",PL[[#This Row],[SUPPLIER NOTES]])),"PTE Validar Enel","ABIERTO")) -> PTE Validar Enel | P6: =IF(PL[[#This Row],[ESTADO]]="CERRADO","Cerrados IUP",IF(PL[[#This Row],[ESTADO]]="PTE Validar Enel","Pendiente cierre ENEL",IF(ISNUMBER(SEARCH("suministro",PL[[#This Row],[SUPPLIER NOTES]])),"Suministros",IF(PL[[#This Row],[SC]]="SOCIAL","Social",IF(ISNUMBER(SEARCH("monolito",PL[[#This Row],[DESCRIPTION]])),"Monolitos","Varios"))))) -> Pendiente cierre ENEL | Q6: =IF(ISNA(MATCH(PL[[#This Row],[ITEM ID]],Externos!$A:$A,0)),"",IF(PL[[#This Row],[DETECTOR_ROLE]]="Sustainability Manager","SOCIAL",IF(INDEX(Externos!$D:$D,MATCH(PL[[#This Row],[ITEM ID]],Externos!$A:$A,0))="TRINA",IF(PL[[#This Row],[DETECTOR_ROLE]]="O&M","Trina O&M",IF(PL[[#This Row],[DETECTOR_ROLE]]="Commissioning Manager","Trina Commissioning","Trina Electric")),"O&M")))
A7: PHL-39103 | B7: Cables | C7: CAJAS | D7: CAJAS | E7: Caja de Empalme Sectioning Pit Cto 09 Lewis 6-13 | F7: Retoque de pintura en tapas metalicas | G7: Civil Specialist | H7: Pendiente validacion de enel | J7: OP | K7: ABIERTO | N7: =IF(ISNUMBER(PL[[#This Row],[CTO]]),"CTO "&PL[[#This Row],[CTO]],"Otros") -> Otros | O7: =IF(PL[[#This Row],[STATUS IUP]]="CERRADO","CERRADO",IF(ISNUMBER(SEARCH("validacion de enel",PL[[#This Row],[SUPPLIER NOTES]])),"PTE Validar Enel","ABIERTO")) -> PTE Validar Enel | P7: =IF(PL[[#This Row],[ESTADO]]="CERRADO","Cerrados IUP",IF(PL[[#This Row],[ESTADO]]="PTE Validar Enel","Pendiente cierre ENEL",IF(ISNUMBER(SEARCH("suministro",PL[[#This Row],[SUPPLIER NOTES]])),"Suministros",IF(PL[[#This Row],[SC]]="SOCIAL","Social",IF(ISNUMBER(SEARCH("monolito",PL[[#This Row],[DESCRIPTION]])),"Monolitos","Varios"))))) -> Pendiente cierre ENEL | Q7: =IF(ISNA(MATCH(PL[[#This Row],[ITEM ID]],Externos!$A:$A,0)),"",IF(PL[[#This Row],[DETECTOR_ROLE]]="Sustainability Manager","SOCIAL",IF(INDEX(Externos!$D:$D,MATCH(PL[[#This Row],[ITEM ID]],Externos!$A:$A,0))="TRINA",IF(PL[[#This Row],[DETECTOR_ROLE]]="O&M","Trina O&M",IF(PL[[#This Row],[DETECTOR_ROLE]]="Commissioning Manager","Trina Commissioning","Trina Electric")),"O&M")))
A8: PHL-38984 | B8: Cables | C8: CAJAS | D8: CAJAS | E8: Caja de Empalme Sectioning Pit Cto 09 Suc 20 | F8: Instalacion de tag y señalizacion RETIE | G8: Project HSE&Q support | J8: CL | K8: CERRADO | M8: 46137 | N8: =IF(ISNUMBER(PL[[#This Row],[CTO]]),"CTO "&PL[[#This Row],[CTO]],"Otros") -> Otros | O8: =IF(PL[[#This Row],[STATUS IUP]]="CERRADO","CERRADO",IF(ISNUMBER(SEARCH("validacion de enel",PL[[#This Row],[SUPPLIER NOTES]])),"PTE Validar Enel","ABIERTO")) -> CERRADO | P8: =IF(PL[[#This Row],[ESTADO]]="CERRADO","Cerrados IUP",IF(PL[[#This Row],[ESTADO]]="PTE Validar Enel","Pendiente cierre ENEL",IF(ISNUMBER(SEARCH("suministro",PL[[#This Row],[SUPPLIER NOTES]])),"Suministros",IF(PL[[#This Row],[SC]]="SOCIAL","Social",IF(ISNUMBER(SEARCH("monolito",PL[[#This Row],[DESCRIPTION]])),"Monolitos","Varios"))))) -> Cerrados IUP | Q8: =IF(ISNA(MATCH(PL[[#This Row],[ITEM ID]],Externos!$A:$A,0)),"",IF(PL[[#This Row],[DETECTOR_ROLE]]="Sustainability Manager","SOCIAL",IF(INDEX(Externos!$D:$D,MATCH(PL[[#This Row],[ITEM ID]],Externos!$A:$A,0))="TRINA",IF(PL[[#This Row],[DETECTOR_ROLE]]="O&M","Trina O&M",IF(PL[[#This Row],[DETECTOR_ROLE]]="Commissioning Manager","Trina Commissioning","Trina Electric")),"O&M")))
A9: PHL-38985 | B9: Cables | C9: CAJAS | D9: CAJAS | E9: Caja de Empalme Sectioning Pit Cto 09 Suc 21 | F9: Retoque de pintura en tapas metalicas | G9: Civil Specialist | J9: CL | K9: CERRADO | M9: 46137 | N9: =IF(ISNUMBER(PL[[#This Row],[CTO]]),"CTO "&PL[[#This Row],[CTO]],"Otros") -> Otros | O9: =IF(PL[[#This Row],[STATUS IUP]]="CERRADO","CERRADO",IF(ISNUMBER(SEARCH("validacion de enel",PL[[#This Row],[SUPPLIER NOTES]])),"PTE Validar Enel","ABIERTO")) -> CERRADO | P9: =IF(PL[[#This Row],[ESTADO]]="CERRADO","Cerrados IUP",IF(PL[[#This Row],[ESTADO]]="PTE Validar Enel","Pendiente cierre ENEL",IF(ISNUMBER(SEARCH("suministro",PL[[#This Row],[SUPPLIER NOTES]])),"Suministros",IF(PL[[#This Row],[SC]]="SOCIAL","Social",IF(ISNUMBER(SEARCH("monolito",PL[[#This Row],[DESCRIPTION]])),"Monolitos","Varios"))))) -> Cerrados IUP | Q9: =IF(ISNA(MATCH(PL[[#This Row],[ITEM ID]],Externos!$A:$A,0)),"",IF(PL[[#This Row],[DETECTOR_ROLE]]="Sustainability Manager","SOCIAL",IF(INDEX(Externos!$D:$D,MATCH(PL[[#This Row],[ITEM ID]],Externos!$A:$A,0))="TRINA",IF(PL[[#This Row],[DETECTOR_ROLE]]="O&M","Trina O&M",IF(PL[[#This Row],[DETECTOR_ROLE]]="Commissioning Manager","Trina Commissioning","Trina Electric")),"O&M")))
A10: PHL-38988 | B10: Fiber optic | C10: CAJAS | D10: CAJAS | E10: Caja de Fusión FO Ctos (5-9) OC 9 | F10: Tapado de huecos de ingreso a caja. (Poliuretano) | G10: Electrical Specialist | J10: CL | K10: CERRADO | L10: 46293 | M10: 46137 | N10: =IF(ISNUMBER(PL[[#This Row],[CTO]]),"CTO "&PL[[#This Row],[CTO]],"Otros") -> Otros | O10: =IF(PL[[#This Row],[STATUS IUP]]="CERRADO","CERRADO",IF(ISNUMBER(SEARCH("validacion de enel",PL[[#This Row],[SUPPLIER NOTES]])),"PTE Validar Enel","ABIERTO")) -> CERRADO | P10: =IF(PL[[#This Row],[ESTADO]]="CERRADO","Cerrados IUP",IF(PL[[#This Row],[ESTADO]]="PTE Validar Enel","Pendiente cierre ENEL",IF(ISNUMBER(SEARCH("suministro",PL[[#This Row],[SUPPLIER NOTES]])),"Suministros",IF(PL[[#This Row],[SC]]="SOCIAL","Social",IF(ISNUMBER(SEARCH("monolito",PL[[#This Row],[DESCRIPTION]])),"Monolitos","Varios"))))) -> Cerrados IUP | Q10: =IF(ISNA(MATCH(PL[[#This Row],[ITEM ID]],Externos!$A:$A,0)),"",IF(PL[[#This Row],[DETECTOR_ROLE]]="Sustainability Manager","SOCIAL",IF(INDEX(Externos!$D:$D,MATCH(PL[[#This Row],[ITEM ID]],Externos!$A:$A,0))="TRINA",IF(PL[[#This Row],[DETECTOR_ROLE]]="O&M","Trina O&M",IF(PL[[#This Row],[DETECTOR_ROLE]]="Commissioning Manager","Trina Commissioning","Trina Electric")),"O&M")))
A11: PHL-38989 | B11: Fiber optic | C11: CAJAS | D11: CAJAS | E11: Caja de Fusión FO Ctos (5-9) OC 10 | F11: Ubicación final de caja | G11: Electrical Specialist | J11: CL | K11: CERRADO | L11: 46293 | M11: 46137 | N11: =IF(ISNUMBER(PL[[#This Row],[CTO]]),"CTO "&PL[[#This Row],[CTO]],"Otros") -> Otros | O11: =IF(PL[[#This Row],[STATUS IUP]]="CERRADO","CERRADO",IF(ISNUMBER(SEARCH("validacion de enel",PL[[#This Row],[SUPPLIER NOTES]])),"PTE Validar Enel","ABIERTO")) -> CERRADO | P11: =IF(PL[[#This Row],[ESTADO]]="CERRADO","Cerrados IUP",IF(PL[[#This Row],[ESTADO]]="PTE Validar Enel","Pendiente cierre ENEL",IF(ISNUMBER(SEARCH("suministro",PL[[#This Row],[SUPPLIER NOTES]])),"Suministros",IF(PL[[#This Row],[SC]]="SOCIAL","Social",IF(ISNUMBER(SEARCH("monolito",PL[[#This Row],[DESCRIPTION]])),"Monolitos","Varios"))))) -> Cerrados IUP | Q11: =IF(ISNA(MATCH(PL[[#This Row],[ITEM ID]],Externos!$A:$A,0)),"",IF(PL[[#This Row],[DETECTOR_ROLE]]="Sustainability Manager","SOCIAL",IF(INDEX(Externos!$D:$D,MATCH(PL[[#This Row],[ITEM ID]],Externos!$A:$A,0))="TRINA",IF(PL[[#This Row],[DETECTOR_ROLE]]="O&M","Trina O&M",IF(PL[[#This Row],[DETECTOR_ROLE]]="Commissioning Manager","Trina Commissioning","Trina Electric")),"O&M")))
A12: PHL-39059 | B12: Cables | C12: CAJAS | D12: CAJAS | E12: Caja de empalme continua a la ITS24 | F12: Limpieza de cables MT | G12: Electrical Specialist | J12: CL | K12: CERRADO | N12: =IF(ISNUMBER(PL[[#This Row],[CTO]]),"CTO "&PL[[#This Row],[CTO]],"Otros") -> Otros | O12: =IF(PL[[#This Row],[STATUS IUP]]="CERRADO","CERRADO",IF(ISNUMBER(SEARCH("validacion de enel",PL[[#This Row],[SUPPLIER NOTES]])),"PTE Validar Enel","ABIERTO")) -> CERRADO | P12: =IF(PL[[#This Row],[ESTADO]]="CERRADO","Cerrados IUP",IF(PL[[#This Row],[ESTADO]]="PTE Validar Enel","Pendiente cierre ENEL",IF(ISNUMBER(SEARCH("suministro",PL[[#This Row],[SUPPLIER NOTES]])),"Suministros",IF(PL[[#This Row],[SC]]="SOCIAL","Social",IF(ISNUMBER(SEARCH("monolito",PL[[#This Row],[DESCRIPTION]])),"Monolitos","Varios"))))) -> Cerrados IUP | Q12: =IF(ISNA(MATCH(PL[[#This Row],[ITEM ID]],Externos!$A:$A,0)),"",IF(PL[[#This Row],[DETECTOR_ROLE]]="Sustainability Manager","SOCIAL",IF(INDEX(Externos!$D:$D,MATCH(PL[[#This Row],[ITEM ID]],Externos!$A:$A,0))="TRINA",IF(PL[[#This Row],[DETECTOR_ROLE]]="O&M","Trina O&M",IF(PL[[#This Row],[DETECTOR_ROLE]]="Commissioning Manager","Trina Commissioning","Trina Electric")),"O&M")))
A13: PHL-39061 | B13: Cables | C13: CAJAS | D13: CAJAS | E13: Caja de empalme continua a la ITS24 | F13: Aterrizar tapas de cajas | G13: Electrical Specialist | J13: CL | K13: CERRADO | N13: =IF(ISNUMBER(PL[[#This Row],[CTO]]),"CTO "&PL[[#This Row],[CTO]],"Otros") -> Otros | O13: =IF(PL[[#This Row],[STATUS IUP]]="CERRADO","CERRADO",IF(ISNUMBER(SEARCH("validacion de enel",PL[[#This Row],[SUPPLIER NOTES]])),"PTE Validar Enel","ABIERTO")) -> CERRADO | P13: =IF(PL[[#This Row],[ESTADO]]="CERRADO","Cerrados IUP",IF(PL[[#This Row],[ESTADO]]="PTE Validar Enel","Pendiente cierre ENEL",IF(ISNUMBER(SEARCH("suministro",PL[[#This Row],[SUPPLIER NOTES]])),"Suministros",IF(PL[[#This Row],[SC]]="SOCIAL","Social",IF(ISNUMBER(SEARCH("monolito",PL[[#This Row],[DESCRIPTION]])),"Monolitos","Varios"))))) -> Cerrados IUP | Q13: =IF(ISNA(MATCH(PL[[#This Row],[ITEM ID]],Externos!$A:$A,0)),"",IF(PL[[#This Row],[DETECTOR_ROLE]]="Sustainability Manager","SOCIAL",IF(INDEX(Externos!$D:$D,MATCH(PL[[#This Row],[ITEM ID]],Externos!$A:$A,0))="TRINA",IF(PL[[#This Row],[DETECTOR_ROLE]]="O&M","Trina O&M",IF(PL[[#This Row],[DETECTOR_ROLE]]="Commissioning Manager","Trina Commissioning","Trina Electric")),"O&M")))
A14: PHL-39063 | B14: Cables | C14: CAJAS | D14: CAJAS | E14: Caja de empalme continua a la ITS24 | F14: Reconformacion de terreno alrededor de la caja | G14: Civil Specialist | J14: CL | K14: CERRADO | N14: =IF(ISNUMBER(PL[[#This Row],[CTO]]),"CTO "&PL[[#This Row],[CTO]],"Otros") -> Otros | O14: =IF(PL[[#This Row],[STATUS IUP]]="CERRADO","CERRADO",IF(ISNUMBER(SEARCH("validacion de enel",PL[[#This Row],[SUPPLIER NOTES]])),"PTE Validar Enel","ABIERTO")) -> CERRADO | P14: =IF(PL[[#This Row],[ESTADO]]="CERRADO","Cerrados IUP",IF(PL[[#This Row],[ESTADO]]="PTE Validar Enel","Pendiente cierre ENEL",IF(ISNUMBER(SEARCH("suministro",PL[[#This Row],[SUPPLIER NOTES]])),"Suministros",IF(PL[[#This Row],[SC]]="SOCIAL","Social",IF(ISNUMBER(SEARCH("monolito",PL[[#This Row],[DESCRIPTION]])),"Monolitos","Varios"))))) -> Cerrados IUP | Q14: =IF(ISNA(MATCH(PL[[#This Row],[ITEM ID]],Externos!$A:$A,0)),"",IF(PL[[#This Row],[DETECTOR_ROLE]]="Sustainability Manager","SOCIAL",IF(INDEX(Externos!$D:$D,MATCH(PL[[#This Row],[ITEM ID]],Externos!$A:$A,0))="TRINA",IF(PL[[#This Row],[DETECTOR_ROLE]]="O&M","Trina O&M",IF(PL[[#This Row],[DETECTOR_ROLE]]="Commissioning Manager","Trina Commissioning","Trina Electric")),"O&M")))
A15: PHL-39064 | B15: Cables | C15: CAJAS | D15: CAJAS | E15: Caja de empalme continua a la ITS24 | F15: Instalacion de tag y señalizacion RETIE | G15: Project HSE&Q support | J15: CL | K15: CERRADO | N15: =IF(ISNUMBER(PL[[#This Row],[CTO]]),"CTO "&PL[[#This Row],[CTO]],"Otros") -> Otros | O15: =IF(PL[[#This Row],[STATUS IUP]]="CERRADO","CERRADO",IF(ISNUMBER(SEARCH("validacion de enel",PL[[#This Row],[SUPPLIER NOTES]])),"PTE Validar Enel","ABIERTO")) -> CERRADO | P15: =IF(PL[[#This Row],[ESTADO]]="CERRADO","Cerrados IUP",IF(PL[[#This Row],[ESTADO]]="PTE Validar Enel","Pendiente cierre ENEL",IF(ISNUMBER(SEARCH("suministro",PL[[#This Row],[SUPPLIER NOTES]])),"Suministros",IF(PL[[#This Row],[SC]]="SOCIAL","Social",IF(ISNUMBER(SEARCH("monolito",PL[[#This Row],[DESCRIPTION]])),"Monolitos","Varios"))))) -> Cerrados IUP | Q15: =IF(ISNA(MATCH(PL[[#This Row],[ITEM ID]],Externos!$A:$A,0)),"",IF(PL[[#This Row],[DETECTOR_ROLE]]="Sustainability Manager","SOCIAL",IF(INDEX(Externos!$D:$D,MATCH(PL[[#This Row],[ITEM ID]],Externos!$A:$A,0))="TRINA",IF(PL[[#This Row],[DETECTOR_ROLE]]="O&M","Trina O&M",IF(PL[[#This Row],[DETECTOR_ROLE]]="Commissioning Manager","Trina Commissioning","Trina Electric")),"O&M")))
A16: PHL-39083 | B16: Cables | C16: CAJAS | D16: CAJAS | E16: caja de paso de la OC5 costado Sur de los CTOS 8-9-10 : | F16: Limpieza de cables MT | G16: Electrical Specialist | J16: CL | K16: CERRADO | N16: =IF(ISNUMBER(PL[[#This Row],[CTO]]),"CTO "&PL[[#This Row],[CTO]],"Otros") -> Otros | O16: =IF(PL[[#This Row],[STATUS IUP]]="CERRADO","CERRADO",IF(ISNUMBER(SEARCH("validacion de enel",PL[[#This Row],[SUPPLIER NOTES]])),"PTE Validar Enel","ABIERTO")) -> CERRADO | P16: =IF(PL[[#This Row],[ESTADO]]="CERRADO","Cerrados IUP",IF(PL[[#This Row],[ESTADO]]="PTE Validar Enel","Pendiente cierre ENEL",IF(ISNUMBER(SEARCH("suministro",PL[[#This Row],[SUPPLIER NOTES]])),"Suministros",IF(PL[[#This Row],[SC]]="SOCIAL","Social",IF(ISNUMBER(SEARCH("monolito",PL[[#This Row],[DESCRIPTION]])),"Monolitos","Varios"))))) -> Cerrados IUP | Q16: =IF(ISNA(MATCH(PL[[#This Row],[ITEM ID]],Externos!$A:$A,0)),"",IF(PL[[#This Row],[DETECTOR_ROLE]]="Sustainability Manager","SOCIAL",IF(INDEX(Externos!$D:$D,MATCH(PL[[#This Row],[ITEM ID]],Externos!$A:$A,0))="TRINA",IF(PL[[#This Row],[DETECTOR_ROLE]]="O&M","Trina O&M",IF(PL[[#This Row],[DETECTOR_ROLE]]="Commissioning Manager","Trina Commissioning","Trina Electric")),"O&M")))
A17: PHL-39085 | B17: Cables | C17: CAJAS | D17: CAJAS | E17: caja de paso de la OC5 costado Sur de los CTOS 8-9-10 : | F17: Aterrizar tapas de cajas | G17: Electrical Specialist | J17: CL | K17: CERRADO | N17: =IF(ISNUMBER(PL[[#This Row],[CTO]]),"CTO "&PL[[#This Row],[CTO]],"Otros") -> Otros | O17: =IF(PL[[#This Row],[STATUS IUP]]="CERRADO","CERRADO",IF(ISNUMBER(SEARCH("validacion de enel",PL[[#This Row],[SUPPLIER NOTES]])),"PTE Validar Enel","ABIERTO")) -> CERRADO | P17: =IF(PL[[#This Row],[ESTADO]]="CERRADO","Cerrados IUP",IF(PL[[#This Row],[ESTADO]]="PTE Validar Enel","Pendiente cierre ENEL",IF(ISNUMBER(SEARCH("suministro",PL[[#This Row],[SUPPLIER NOTES]])),"Suministros",IF(PL[[#This Row],[SC]]="SOCIAL","Social",IF(ISNUMBER(SEARCH("monolito",PL[[#This Row],[DESCRIPTION]])),"Monolitos","Varios"))))) -> Cerrados IUP | Q17: =IF(ISNA(MATCH(PL[[#This Row],[ITEM ID]],Externos!$A:$A,0)),"",IF(PL[[#This Row],[DETECTOR_ROLE]]="Sustainability Manager","SOCIAL",IF(INDEX(Externos!$D:$D,MATCH(PL[[#This Row],[ITEM ID]],Externos!$A:$A,0))="TRINA",IF(PL[[#This Row],[DETECTOR_ROLE]]="O&M","Trina O&M",IF(PL[[#This Row],[DETECTOR_ROLE]]="Commissioning Manager","Trina Commissioning","Trina Electric")),"O&M")))
A18: PHL-39801 | B18: LV/MV Cabin Others | C18: CAJAS | D18: CAJAS | E18: CTO10_MT_145 | F18: Caja de Empalme Sectioning Pit Cto 10 Lewis 6-7 | Instalación TAG | G18: Site Manager | H18: Pendiente validacion de enel | J18: CL | K18: CERRADO | L18: 46303 | N18: =IF(ISNUMBER(PL[[#This Row],[CTO]]),"CTO "&PL[[#This Row],[CTO]],"Otros") -> Otros | O18: =IF(PL[[#This Row],[STATUS IUP]]="CERRADO","CERRADO",IF(ISNUMBER(SEARCH("validacion de enel",PL[[#This Row],[SUPPLIER NOTES]])),"PTE Validar Enel","ABIERTO")) -> CERRADO | P18: =IF(PL[[#This Row],[ESTADO]]="CERRADO","Cerrados IUP",IF(PL[[#This Row],[ESTADO]]="PTE Validar Enel","Pendiente cierre ENEL",IF(ISNUMBER(SEARCH("suministro",PL[[#This Row],[SUPPLIER NOTES]])),"Suministros",IF(PL[[#This Row],[SC]]="SOCIAL","Social",IF(ISNUMBER(SEARCH("monolito",PL[[#This Row],[DESCRIPTION]])),"Monolitos","Varios"))))) -> Cerrados IUP | Q18: =IF(ISNA(MATCH(PL[[#This Row],[ITEM ID]],Externos!$A:$A,0)),"",IF(PL[[#This Row],[DETECTOR_ROLE]]="Sustainability Manager","SOCIAL",IF(INDEX(Externos!$D:$D,MATCH(PL[[#This Row],[ITEM ID]],Externos!$A:$A,0))="TRINA",IF(PL[[#This Row],[DETECTOR_ROLE]]="O&M","Trina O&M",IF(PL[[#This Row],[DETECTOR_ROLE]]="Commissioning Manager","Trina Commissioning","Trina Electric")),"O&M")))
A19: PHL-39087 | B19: Cables | C19: CAJAS | D19: CAJAS | E19: caja de paso de la OC5 costado Sur de los CTOS 8-9-10 : | F19: Reconformacion de terreno alrededor de la caja | G19: Civil Specialist | J19: CL | K19: CERRADO | N19: =IF(ISNUMBER(PL[[#This Row],[CTO]]),"CTO "&PL[[#This Row],[CTO]],"Otros") -> Otros | O19: =IF(PL[[#This Row],[STATUS IUP]]="CERRADO","CERRADO",IF(ISNUMBER(SEARCH("validacion de enel",PL[[#This Row],[SUPPLIER NOTES]])),"PTE Validar Enel","ABIERTO")) -> CERRADO | P19: =IF(PL[[#This Row],[ESTADO]]="CERRADO","Cerrados IUP",IF(PL[[#This Row],[ESTADO]]="PTE Validar Enel","Pendiente cierre ENEL",IF(ISNUMBER(SEARCH("suministro",PL[[#This Row],[SUPPLIER NOTES]])),"Suministros",IF(PL[[#This Row],[SC]]="SOCIAL","Social",IF(ISNUMBER(SEARCH("monolito",PL[[#This Row],[DESCRIPTION]])),"Monolitos","Varios"))))) -> Cerrados IUP | Q19: =IF(ISNA(MATCH(PL[[#This Row],[ITEM ID]],Externos!$A:$A,0)),"",IF(PL[[#This Row],[DETECTOR_ROLE]]="Sustainability Manager","SOCIAL",IF(INDEX(Externos!$D:$D,MATCH(PL[[#This Row],[ITEM ID]],Externos!$A:$A,0))="TRINA",IF(PL[[#This Row],[DETECTOR_ROLE]]="O&M","Trina O&M",IF(PL[[#This Row],[DETECTOR_ROLE]]="Commissioning Manager","Trina Commissioning","Trina Electric")),"O&M")))
A20: PHL-39089 | B20: Cables | C20: CAJAS | D20: CAJAS | E20: caja de paso de la OC5 costado Sur de los CTOS 8-9-10 : | F20: Retoque de pintura en tapas metalicas | G20: Civil Specialist | I20: Farid consolido en cierre | J20: CL | K20: CERRADO | L20: 46288 | N20: =IF(ISNUMBER(PL[[#This Row],[CTO]]),"CTO "&PL[[#This Row],[CTO]],"Otros") -> Otros | O20: =IF(PL[[#This Row],[STATUS IUP]]="CERRADO","CERRADO",IF(ISNUMBER(SEARCH("validacion de enel",PL[[#This Row],[SUPPLIER NOTES]])),"PTE Validar Enel","ABIERTO")) -> CERRADO | P20: =IF(PL[[#This Row],[ESTADO]]="CERRADO","Cerrados IUP",IF(PL[[#This Row],[ESTADO]]="PTE Validar Enel","Pendiente cierre ENEL",IF(ISNUMBER(SEARCH("suministro",PL[[#This Row],[SUPPLIER NOTES]])),"Suministros",IF(PL[[#This Row],[SC]]="SOCIAL","Social",IF(ISNUMBER(SEARCH("monolito",PL[[#This Row],[DESCRIPTION]])),"Monolitos","Varios"))))) -> Cerrados IUP | Q20: =IF(ISNA(MATCH(PL[[#This Row],[ITEM ID]],Externos!$A:$A,0)),"",IF(PL[[#This Row],[DETECTOR_ROLE]]="Sustainability Manager","SOCIAL",IF(INDEX(Externos!$D:$D,MATCH(PL[[#This Row],[ITEM ID]],Externos!$A:$A,0))="TRINA",IF(PL[[#This Row],[DETECTOR_ROLE]]="O&M","Trina O&M",IF(PL[[#This Row],[DETECTOR_ROLE]]="Commissioning Manager","Trina Commissioning","Trina Electric")),"O&M")))
A21: PHL-39091 | B21: Cables | C21: CAJAS | D21: CAJAS | E21: Caja de paso del costado norte de la OC5 de los CTOS 8-9-11 | F21: Limpieza de cables MT | G21: Electrical Specialist | J21: CL | K21: CERRADO | N21: =IF(ISNUMBER(PL[[#This Row],[CTO]]),"CTO "&PL[[#This Row],[CTO]],"Otros") -> Otros | O21: =IF(PL[[#This Row],[STATUS IUP]]="CERRADO","CERRADO",IF(ISNUMBER(SEARCH("validacion de enel",PL[[#This Row],[SUPPLIER NOTES]])),"PTE Validar Enel","ABIERTO")) -> CERRADO | P21: =IF(PL[[#This Row],[ESTADO]]="CERRADO","Cerrados IUP",IF(PL[[#This Row],[ESTADO]]="PTE Validar Enel","Pendiente cierre ENEL",IF(ISNUMBER(SEARCH("suministro",PL[[#This Row],[SUPPLIER NOTES]])),"Suministros",IF(PL[[#This Row],[SC]]="SOCIAL","Social",IF(ISNUMBER(SEARCH("monolito",PL[[#This Row],[DESCRIPTION]])),"Monolitos","Varios"))))) -> Cerrados IUP | Q21: =IF(ISNA(MATCH(PL[[#This Row],[ITEM ID]],Externos!$A:$A,0)),"",IF(PL[[#This Row],[DETECTOR_ROLE]]="Sustainability Manager","SOCIAL",IF(INDEX(Externos!$D:$D,MATCH(PL[[#This Row],[ITEM ID]],Externos!$A:$A,0))="TRINA",IF(PL[[#This Row],[DETECTOR_ROLE]]="O&M","Trina O&M",IF(PL[[#This Row],[DETECTOR_ROLE]]="Commissioning Manager","Trina Commissioning","Trina Electric")),"O&M")))
A22: PHL-39093 | B22: Cables | C22: CAJAS | D22: CAJAS | E22: Caja de paso del costado norte de la OC5 de los CTOS 8-9-13 | F22: Aterrizar tapas de cajas | G22: Electrical Specialist | J22: CL | K22: CERRADO | N22: =IF(ISNUMBER(PL[[#This Row],[CTO]]),"CTO "&PL[[#This Row],[CTO]],"Otros") -> Otros | O22: =IF(PL[[#This Row],[STATUS IUP]]="CERRADO","CERRADO",IF(ISNUMBER(SEARCH("validacion de enel",PL[[#This Row],[SUPPLIER NOTES]])),"PTE Validar Enel","ABIERTO")) -> CERRADO | P22: =IF(PL[[#This Row],[ESTADO]]="CERRADO","Cerrados IUP",IF(PL[[#This Row],[ESTADO]]="PTE Validar Enel","Pendiente cierre ENEL",IF(ISNUMBER(SEARCH("suministro",PL[[#This Row],[SUPPLIER NOTES]])),"Suministros",IF(PL[[#This Row],[SC]]="SOCIAL","Social",IF(ISNUMBER(SEARCH("monolito",PL[[#This Row],[DESCRIPTION]])),"Monolitos","Varios"))))) -> Cerrados IUP | Q22: =IF(ISNA(MATCH(PL[[#This Row],[ITEM ID]],Externos!$A:$A,0)),"",IF(PL[[#This Row],[DETECTOR_ROLE]]="Sustainability Manager","SOCIAL",IF(INDEX(Externos!$D:$D,MATCH(PL[[#This Row],[ITEM ID]],Externos!$A:$A,0))="TRINA",IF(PL[[#This Row],[DETECTOR_ROLE]]="O&M","Trina O&M",IF(PL[[#This Row],[DETECTOR_ROLE]]="Commissioning Manager","Trina Commissioning","Trina Electric")),"O&M")))
A23: PHL-39094 | B23: Cables | C23: CAJAS | D23: CAJAS | E23: Caja de paso del costado norte de la OC5 de los CTOS 8-9-14 | F23: Reconformacion de terreno alrededor de la caja | G23: Civil Specialist | J23: CL | K23: CERRADO | N23: =IF(ISNUMBER(PL[[#This Row],[CTO]]),"CTO "&PL[[#This Row],[CTO]],"Otros") -> Otros | O23: =IF(PL[[#This Row],[STATUS IUP]]="CERRADO","CERRADO",IF(ISNUMBER(SEARCH("validacion de enel",PL[[#This Row],[SUPPLIER NOTES]])),"PTE Validar Enel","ABIERTO")) -> CERRADO | P23: =IF(PL[[#This Row],[ESTADO]]="CERRADO","Cerrados IUP",IF(PL[[#This Row],[ESTADO]]="PTE Validar Enel","Pendiente cierre ENEL",IF(ISNUMBER(SEARCH("suministro",PL[[#This Row],[SUPPLIER NOTES]])),"Suministros",IF(PL[[#This Row],[SC]]="SOCIAL","Social",IF(ISNUMBER(SEARCH("monolito",PL[[#This Row],[DESCRIPTION]])),"Monolitos","Varios"))))) -> Cerrados IUP | Q23: =IF(ISNA(MATCH(PL[[#This Row],[ITEM ID]],Externos!$A:$A,0)),"",IF(PL[[#This Row],[DETECTOR_ROLE]]="Sustainability Manager","SOCIAL",IF(INDEX(Externos!$D:$D,MATCH(PL[[#This Row],[ITEM ID]],Externos!$A:$A,0))="TRINA",IF(PL[[#This Row],[DETECTOR_ROLE]]="O&M","Trina O&M",IF(PL[[#This Row],[DETECTOR_ROLE]]="Commissioning Manager","Trina Commissioning","Trina Electric")),"O&M")))
A24: PHL-39097 | B24: Cables | C24: CAJAS | D24: CAJAS | E24: Caja de Empalme Sectioning Pit Cto 09 Lewis 6-7 | F24: Sellado ductos material impermeabilizante | G24: Electrical Specialist | J24: CL | K24: CERRADO | N24: =IF(ISNUMBER(PL[[#This Row],[CTO]]),"CTO "&PL[[#This Row],[CTO]],"Otros") -> Otros | O24: =IF(PL[[#This Row],[STATUS IUP]]="CERRADO","CERRADO",IF(ISNUMBER(SEARCH("validacion de enel",PL[[#This Row],[SUPPLIER NOTES]])),"PTE Validar Enel","ABIERTO")) -> CERRADO | P24: =IF(PL[[#This Row],[ESTADO]]="CERRADO","Cerrados IUP",IF(PL[[#This Row],[ESTADO]]="PTE Validar Enel","Pendiente cierre ENEL",IF(ISNUMBER(SEARCH("suministro",PL[[#This Row],[SUPPLIER NOTES]])),"Suministros",IF(PL[[#This Row],[SC]]="SOCIAL","Social",IF(ISNUMBER(SEARCH("monolito",PL[[#This Row],[DESCRIPTION]])),"Monolitos","Varios"))))) -> Cerrados IUP | Q24: =IF(ISNA(MATCH(PL[[#This Row],[ITEM ID]],Externos!$A:$A,0)),"",IF(PL[[#This Row],[DETECTOR_ROLE]]="Sustainability Manager","SOCIAL",IF(INDEX(Externos!$D:$D,MATCH(PL[[#This Row],[ITEM ID]],Externos!$A:$A,0))="TRINA",IF(PL[[#This Row],[DETECTOR_ROLE]]="O&M","Trina O&M",IF(PL[[#This Row],[DETECTOR_ROLE]]="Commissioning Manager","Trina Commissioning","Trina Electric")),"O&M")))
A25: PHL-39098 | B25: Cables | C25: CAJAS | D25: CAJAS | E25: Caja de Empalme Sectioning Pit Cto 09 Lewis 6-8 | F25: Limpieza de cables MT | G25: Electrical Specialist | J25: CL | K25: CERRADO | N25: =IF(ISNUMBER(PL[[#This Row],[CTO]]),"CTO "&PL[[#This Row],[CTO]],"Otros") -> Otros | O25: =IF(PL[[#This Row],[STATUS IUP]]="CERRADO","CERRADO",IF(ISNUMBER(SEARCH("validacion de enel",PL[[#This Row],[SUPPLIER NOTES]])),"PTE Validar Enel","ABIERTO")) -> CERRADO | P25: =IF(PL[[#This Row],[ESTADO]]="CERRADO","Cerrados IUP",IF(PL[[#This Row],[ESTADO]]="PTE Validar Enel","Pendiente cierre ENEL",IF(ISNUMBER(SEARCH("suministro",PL[[#This Row],[SUPPLIER NOTES]])),"Suministros",IF(PL[[#This Row],[SC]]="SOCIAL","Social",IF(ISNUMBER(SEARCH("monolito",PL[[#This Row],[DESCRIPTION]])),"Monolitos","Varios"))))) -> Cerrados IUP | Q25: =IF(ISNA(MATCH(PL[[#This Row],[ITEM ID]],Externos!$A:$A,0)),"",IF(PL[[#This Row],[DETECTOR_ROLE]]="Sustainability Manager","SOCIAL",IF(INDEX(Externos!$D:$D,MATCH(PL[[#This Row],[ITEM ID]],Externos!$A:$A,0))="TRINA",IF(PL[[#This Row],[DETECTOR_ROLE]]="O&M","Trina O&M",IF(PL[[#This Row],[DETECTOR_ROLE]]="Commissioning Manager","Trina Commissioning","Trina Electric")),"O&M")))
A26: PHL-39100 | B26: Cables | C26: CAJAS | D26: CAJAS | E26: Caja de Empalme Sectioning Pit Cto 09 Lewis 6-10 | F26: Aterrizar tapas de cajas | G26: Electrical Specialist | J26: CL | K26: CERRADO | N26: =IF(ISNUMBER(PL[[#This Row],[CTO]]),"CTO "&PL[[#This Row],[CTO]],"Otros") -> Otros | O26: =IF(PL[[#This Row],[STATUS IUP]]="CERRADO","CERRADO",IF(ISNUMBER(SEARCH("validacion de enel",PL[[#This Row],[SUPPLIER NOTES]])),"PTE Validar Enel","ABIERTO")) -> CERRADO | P26: =IF(PL[[#This Row],[ESTADO]]="CERRADO","Cerrados IUP",IF(PL[[#This Row],[ESTADO]]="PTE Validar Enel","Pendiente cierre ENEL",IF(ISNUMBER(SEARCH("suministro",PL[[#This Row],[SUPPLIER NOTES]])),"Suministros",IF(PL[[#This Row],[SC]]="SOCIAL","Social",IF(ISNUMBER(SEARCH("monolito",PL[[#This Row],[DESCRIPTION]])),"Monolitos","Varios"))))) -> Cerrados IUP | Q26: =IF(ISNA(MATCH(PL[[#This Row],[ITEM ID]],Externos!$A:$A,0)),"",IF(PL[[#This Row],[DETECTOR_ROLE]]="Sustainability Manager","SOCIAL",IF(INDEX(Externos!$D:$D,MATCH(PL[[#This Row],[ITEM ID]],Externos!$A:$A,0))="TRINA",IF(PL[[#This Row],[DETECTOR_ROLE]]="O&M","Trina O&M",IF(PL[[#This Row],[DETECTOR_ROLE]]="Commissioning Manager","Trina Commissioning","Trina Electric")),"O&M")))
A27: PHL-39101 | B27: Cables | C27: CAJAS | D27: CAJAS | E27: Caja de Empalme Sectioning Pit Cto 09 Lewis 6-11 | F27: Reconformacion de terreno alrededor de la caja | G27: Civil Specialist | J27: CL | K27: CERRADO | N27: =IF(ISNUMBER(PL[[#This Row],[CTO]]),"CTO "&PL[[#This Row],[CTO]],"Otros") -> Otros | O27: =IF(PL[[#This Row],[STATUS IUP]]="CERRADO","CERRADO",IF(ISNUMBER(SEARCH("validacion de enel",PL[[#This Row],[SUPPLIER NOTES]])),"PTE Validar Enel","ABIERTO")) -> CERRADO | P27: =IF(PL[[#This Row],[ESTADO]]="CERRADO","Cerrados IUP",IF(PL[[#This Row],[ESTADO]]="PTE Validar Enel","Pendiente cierre ENEL",IF(ISNUMBER(SEARCH("suministro",PL[[#This Row],[SUPPLIER NOTES]])),"Suministros",IF(PL[[#This Row],[SC]]="SOCIAL","Social",IF(ISNUMBER(SEARCH("monolito",PL[[#This Row],[DESCRIPTION]])),"Monolitos","Varios"))))) -> Cerrados IUP | Q27: =IF(ISNA(MATCH(PL[[#This Row],[ITEM ID]],Externos!$A:$A,0)),"",IF(PL[[#This Row],[DETECTOR_ROLE]]="Sustainability Manager","SOCIAL",IF(INDEX(Externos!$D:$D,MATCH(PL[[#This Row],[ITEM ID]],Externos!$A:$A,0))="TRINA",IF(PL[[#This Row],[DETECTOR_ROLE]]="O&M","Trina O&M",IF(PL[[#This Row],[DETECTOR_ROLE]]="Commissioning Manager","Trina Commissioning","Trina Electric")),"O&M")))
A28: PHL-39506 | B28: Trenches and Cable Way | C28: CAJAS | D28: CAJAS | E28: MT CTO10_ (123) -Cajas de paso OC1 costado norte y sur: | F28: Instalación TAG | G28: Electrical Specialist | J28: CL | K28: CERRADO | N28: =IF(ISNUMBER(PL[[#This Row],[CTO]]),"CTO "&PL[[#This Row],[CTO]],"Otros") -> Otros | O28: =IF(PL[[#This Row],[STATUS IUP]]="CERRADO","CERRADO",IF(ISNUMBER(SEARCH("validacion de enel",PL[[#This Row],[SUPPLIER NOTES]])),"PTE Validar Enel","ABIERTO")) -> CERRADO | P28: =IF(PL[[#This Row],[ESTADO]]="CERRADO","Cerrados IUP",IF(PL[[#This Row],[ESTADO]]="PTE Validar Enel","Pendiente cierre ENEL",IF(ISNUMBER(SEARCH("suministro",PL[[#This Row],[SUPPLIER NOTES]])),"Suministros",IF(PL[[#This Row],[SC]]="SOCIAL","Social",IF(ISNUMBER(SEARCH("monolito",PL[[#This Row],[DESCRIPTION]])),"Monolitos","Varios"))))) -> Cerrados IUP | Q28: =IF(ISNA(MATCH(PL[[#This Row],[ITEM ID]],Externos!$A:$A,0)),"",IF(PL[[#This Row],[DETECTOR_ROLE]]="Sustainability Manager","SOCIAL",IF(INDEX(Externos!$D:$D,MATCH(PL[[#This Row],[ITEM ID]],Externos!$A:$A,0))="TRINA",IF(PL[[#This Row],[DETECTOR_ROLE]]="O&M","Trina O&M",IF(PL[[#This Row],[DETECTOR_ROLE]]="Commissioning Manager","Trina Commissioning","Trina Electric")),"O&M")))
A29: PHL-39507 | B29: Trenches and Cable Way | C29: CAJAS | D29: CAJAS | E29: MT CTO10_ (126)Cajas de paso OC1 costado norte y sur: | F29: orden y aseo | G29: Environmental Discipline | J29: CL | K29: CERRADO | N29: =IF(ISNUMBER(PL[[#This Row],[CTO]]),"CTO "&PL[[#This Row],[CTO]],"Otros") -> Otros | O29: =IF(PL[[#This Row],[STATUS IUP]]="CERRADO","CERRADO",IF(ISNUMBER(SEARCH("validacion de enel",PL[[#This Row],[SUPPLIER NOTES]])),"PTE Validar Enel","ABIERTO")) -> CERRADO | P29: =IF(PL[[#This Row],[ESTADO]]="CERRADO","Cerrados IUP",IF(PL[[#This Row],[ESTADO]]="PTE Validar Enel","Pendiente cierre ENEL",IF(ISNUMBER(SEARCH("suministro",PL[[#This Row],[SUPPLIER NOTES]])),"Suministros",IF(PL[[#This Row],[SC]]="SOCIAL","Social",IF(ISNUMBER(SEARCH("monolito",PL[[#This Row],[DESCRIPTION]])),"Monolitos","Varios"))))) -> Cerrados IUP | Q29: =IF(ISNA(MATCH(PL[[#This Row],[ITEM ID]],Externos!$A:$A,0)),"",IF(PL[[#This Row],[DETECTOR_ROLE]]="Sustainability Manager","SOCIAL",IF(INDEX(Externos!$D:$D,MATCH(PL[[#This Row],[ITEM ID]],Externos!$A:$A,0))="TRINA",IF(PL[[#This Row],[DETECTOR_ROLE]]="O&M","Trina O&M",IF(PL[[#This Row],[DETECTOR_ROLE]]="Commissioning Manager","Trina Commissioning","Trina Electric")),"O&M")))
A30: PHL-39508 | B30: Trenches and Cable Way | C30: CAJAS | D30: CAJAS | E30: MT CTO10_(127)-Cajas de paso OC1 costado norte y sur: | F30: conformación de terreno | G30: Civil Specialist | J30: CL | K30: CERRADO | N30: =IF(ISNUMBER(PL[[#This Row],[CTO]]),"CTO "&PL[[#This Row],[CTO]],"Otros") -> Otros | O30: =IF(PL[[#This Row],[STATUS IUP]]="CERRADO","CERRADO",IF(ISNUMBER(SEARCH("validacion de enel",PL[[#This Row],[SUPPLIER NOTES]])),"PTE Validar Enel","ABIERTO")) -> CERRADO | P30: =IF(PL[[#This Row],[ESTADO]]="CERRADO","Cerrados IUP",IF(PL[[#This Row],[ESTADO]]="PTE Validar Enel","Pendiente cierre ENEL",IF(ISNUMBER(SEARCH("suministro",PL[[#This Row],[SUPPLIER NOTES]])),"Suministros",IF(PL[[#This Row],[SC]]="SOCIAL","Social",IF(ISNUMBER(SEARCH("monolito",PL[[#This Row],[DESCRIPTION]])),"Monolitos","Varios"))))) -> Cerrados IUP | Q30: =IF(ISNA(MATCH(PL[[#This Row],[ITEM ID]],Externos!$A:$A,0)),"",IF(PL[[#This Row],[DETECTOR_ROLE]]="Sustainability Manager","SOCIAL",IF(INDEX(Externos!$D:$D,MATCH(PL[[#This Row],[ITEM ID]],Externos!$A:$A,0))="TRINA",IF(PL[[#This Row],[DETECTOR_ROLE]]="O&M","Trina O&M",IF(PL[[#This Row],[DETECTOR_ROLE]]="Commissioning Manager","Trina Commissioning","Trina Electric")),"O&M")))
A31: PHL-39510 | B31: Trenches and Cable Way | C31: CAJAS | D31: CAJAS | E31: MT CTO10_(131)Caja empalme Promigas 5 costado sur: | F31: conformación de terreno | G31: Civil Specialist | J31: CL | K31: CERRADO | N31: =IF(ISNUMBER(PL[[#This Row],[CTO]]),"CTO "&PL[[#This Row],[CTO]],"Otros") -> Otros | O31: =IF(PL[[#This Row],[STATUS IUP]]="CERRADO","CERRADO",IF(ISNUMBER(SEARCH("validacion de enel",PL[[#This Row],[SUPPLIER NOTES]])),"PTE Validar Enel","ABIERTO")) -> CERRADO | P31: =IF(PL[[#This Row],[ESTADO]]="CERRADO","Cerrados IUP",IF(PL[[#This Row],[ESTADO]]="PTE Validar Enel","Pendiente cierre ENEL",IF(ISNUMBER(SEARCH("suministro",PL[[#This Row],[SUPPLIER NOTES]])),"Suministros",IF(PL[[#This Row],[SC]]="SOCIAL","Social",IF(ISNUMBER(SEARCH("monolito",PL[[#This Row],[DESCRIPTION]])),"Monolitos","Varios"))))) -> Cerrados IUP | Q31: =IF(ISNA(MATCH(PL[[#This Row],[ITEM ID]],Externos!$A:$A,0)),"",IF(PL[[#This Row],[DETECTOR_ROLE]]="Sustainability Manager","SOCIAL",IF(INDEX(Externos!$D:$D,MATCH(PL[[#This Row],[ITEM ID]],Externos!$A:$A,0))="TRINA",IF(PL[[#This Row],[DETECTOR_ROLE]]="O&M","Trina O&M",IF(PL[[#This Row],[DETECTOR_ROLE]]="Commissioning Manager","Trina Commissioning","Trina Electric")),"O&M")))
A32: PHL-39511 | B32: Trenches and Cable Way | C32: CAJAS | D32: CAJAS | E32: MT CTO10_(134)Caja de paso Promigas 5 costado norte | F32: orden y aseo | G32: Environmental Discipline | J32: CL | K32: CERRADO | N32: =IF(ISNUMBER(PL[[#This Row],[CTO]]),"CTO "&PL[[#This Row],[CTO]],"Otros") -> Otros | O32: =IF(PL[[#This Row],[STATUS IUP]]="CERRADO","CERRADO",IF(ISNUMBER(SEARCH("validacion de enel",PL[[#This Row],[SUPPLIER NOTES]])),"PTE Validar Enel","ABIERTO")) -> CERRADO | P32: =IF(PL[[#This Row],[ESTADO]]="CERRADO","Cerrados IUP",IF(PL[[#This Row],[ESTADO]]="PTE Validar Enel","Pendiente cierre ENEL",IF(ISNUMBER(SEARCH("suministro",PL[[#This Row],[SUPPLIER NOTES]])),"Suministros",IF(PL[[#This Row],[SC]]="SOCIAL","Social",IF(ISNUMBER(SEARCH("monolito",PL[[#This Row],[DESCRIPTION]])),"Monolitos","Varios"))))) -> Cerrados IUP | Q32: =IF(ISNA(MATCH(PL[[#This Row],[ITEM ID]],Externos!$A:$A,0)),"",IF(PL[[#This Row],[DETECTOR_ROLE]]="Sustainability Manager","SOCIAL",IF(INDEX(Externos!$D:$D,MATCH(PL[[#This Row],[ITEM ID]],Externos!$A:$A,0))="TRINA",IF(PL[[#This Row],[DETECTOR_ROLE]]="O&M","Trina O&M",IF(PL[[#This Row],[DETECTOR_ROLE]]="Commissioning Manager","Trina Commissioning","Trina Electric")),"O&M")))
A33: PHL-39517 | B33: Trenches and Cable Way | C33: CAJAS | D33: CAJAS | E33: MT CTO10_(145)Caja de Empalme Sectioning Pit Cto 10 Lewis 6-7 | F33: Instalación TAG | G33: Electrical Specialist | J33: CL | K33: CERRADO | L33: 46293 | N33: =IF(ISNUMBER(PL[[#This Row],[CTO]]),"CTO "&PL[[#This Row],[CTO]],"Otros") -> Otros | O33: =IF(PL[[#This Row],[STATUS IUP]]="CERRADO","CERRADO",IF(ISNUMBER(SEARCH("validacion de enel",PL[[#This Row],[SUPPLIER NOTES]])),"PTE Validar Enel","ABIERTO")) -> CERRADO | P33: =IF(PL[[#This Row],[ESTADO]]="CERRADO","Cerrados IUP",IF(PL[[#This Row],[ESTADO]]="PTE Validar Enel","Pendiente cierre ENEL",IF(ISNUMBER(SEARCH("suministro",PL[[#This Row],[SUPPLIER NOTES]])),"Suministros",IF(PL[[#This Row],[SC]]="SOCIAL","Social",IF(ISNUMBER(SEARCH("monolito",PL[[#This Row],[DESCRIPTION]])),"Monolitos","Varios"))))) -> Cerrados IUP | Q33: =IF(ISNA(MATCH(PL[[#This Row],[ITEM ID]],Externos!$A:$A,0)),"",IF(PL[[#This Row],[DETECTOR_ROLE]]="Sustainability Manager","SOCIAL",IF(INDEX(Externos!$D:$D,MATCH(PL[[#This Row],[ITEM ID]],Externos!$A:$A,0))="TRINA",IF(PL[[#This Row],[DETECTOR_ROLE]]="O&M","Trina O&M",IF(PL[[#This Row],[DETECTOR_ROLE]]="Commissioning Manager","Trina Commissioning","Trina Electric")),"O&M")))
A34: PHL-39519 | B34: Trenches and Cable Way | C34: CAJAS | D34: CAJAS | E34: MT CTO10_(148)Caja de Empalme Sectioning Pit Cto 10 Lewis 6-7 | F34: Marcacion de tapas de caja de fibra | G34: Electrical Specialist | J34: CL | K34: CERRADO | N34: =IF(ISNUMBER(PL[[#This Row],[CTO]]),"CTO "&PL[[#This Row],[CTO]],"Otros") -> Otros | O34: =IF(PL[[#This Row],[STATUS IUP]]="CERRADO","CERRADO",IF(ISNUMBER(SEARCH("validacion de enel",PL[[#This Row],[SUPPLIER NOTES]])),"PTE Validar Enel","ABIERTO")) -> CERRADO | P34: =IF(PL[[#This Row],[ESTADO]]="CERRADO","Cerrados IUP",IF(PL[[#This Row],[ESTADO]]="PTE Validar Enel","Pendiente cierre ENEL",IF(ISNUMBER(SEARCH("suministro",PL[[#This Row],[SUPPLIER NOTES]])),"Suministros",IF(PL[[#This Row],[SC]]="SOCIAL","Social",IF(ISNUMBER(SEARCH("monolito",PL[[#This Row],[DESCRIPTION]])),"Monolitos","Varios"))))) -> Cerrados IUP | Q34: =IF(ISNA(MATCH(PL[[#This Row],[ITEM ID]],Externos!$A:$A,0)),"",IF(PL[[#This Row],[DETECTOR_ROLE]]="Sustainability Manager","SOCIAL",IF(INDEX(Externos!$D:$D,MATCH(PL[[#This Row],[ITEM ID]],Externos!$A:$A,0))="TRINA",IF(PL[[#This Row],[DETECTOR_ROLE]]="O&M","Trina O&M",IF(PL[[#This Row],[DETECTOR_ROLE]]="Commissioning Manager","Trina Commissioning","Trina Electric")),"O&M")))
A35: PHL-39520 | B35: Trenches and Cable Way | C35: CAJAS | D35: CAJAS | E35: MT CTO10_(149)Caja de Empalme Sectioning Pit Cto 10 Lewis 6-7 | F35: ⁠conformación de Terreno Cajas de Fusión FO | G35: Civil Specialist | J35: CL | K35: CERRADO | N35: =IF(ISNUMBER(PL[[#This Row],[CTO]]),"CTO "&PL[[#This Row],[CTO]],"Otros") -> Otros | O35: =IF(PL[[#This Row],[STATUS IUP]]="CERRADO","CERRADO",IF(ISNUMBER(SEARCH("validacion de enel",PL[[#This Row],[SUPPLIER NOTES]])),"PTE Validar Enel","ABIERTO")) -> CERRADO | P35: =IF(PL[[#This Row],[ESTADO]]="CERRADO","Cerrados IUP",IF(PL[[#This Row],[ESTADO]]="PTE Validar Enel","Pendiente cierre ENEL",IF(ISNUMBER(SEARCH("suministro",PL[[#This Row],[SUPPLIER NOTES]])),"Suministros",IF(PL[[#This Row],[SC]]="SOCIAL","Social",IF(ISNUMBER(SEARCH("monolito",PL[[#This Row],[DESCRIPTION]])),"Monolitos","Varios"))))) -> Cerrados IUP | Q35: =IF(ISNA(MATCH(PL[[#This Row],[ITEM ID]],Externos!$A:$A,0)),"",IF(PL[[#This Row],[DETECTOR_ROLE]]="Sustainability Manager","SOCIAL",IF(INDEX(Externos!$D:$D,MATCH(PL[[#This Row],[ITEM ID]],Externos!$A:$A,0))="TRINA",IF(PL[[#This Row],[DETECTOR_ROLE]]="O&M","Trina O&M",IF(PL[[#This Row],[DETECTOR_ROLE]]="Commissioning Manager","Trina Commissioning","Trina Electric")),"O&M")))
A36: PHL-39521 | B36: Trenches and Cable Way | C36: CAJAS | D36: CAJAS | E36: MT CTO_(150)Caja de Empalme Sectioning Pit Cto 10 Lewis 6-7 | F36: conformación de terreno Cajas de Empalme Sectioning Pit | G36: Civil Specialist | J36: CL | K36: CERRADO | N36: =IF(ISNUMBER(PL[[#This Row],[CTO]]),"CTO "&PL[[#This Row],[CTO]],"Otros") -> Otros | O36: =IF(PL[[#This Row],[STATUS IUP]]="CERRADO","CERRADO",IF(ISNUMBER(SEARCH("validacion de enel",PL[[#This Row],[SUPPLIER NOTES]])),"PTE Validar Enel","ABIERTO")) -> CERRADO | P36: =IF(PL[[#This Row],[ESTADO]]="CERRADO","Cerrados IUP",IF(PL[[#This Row],[ESTADO]]="PTE Validar Enel","Pendiente cierre ENEL",IF(ISNUMBER(SEARCH("suministro",PL[[#This Row],[SUPPLIER NOTES]])),"Suministros",IF(PL[[#This Row],[SC]]="SOCIAL","Social",IF(ISNUMBER(SEARCH("monolito",PL[[#This Row],[DESCRIPTION]])),"Monolitos","Varios"))))) -> Cerrados IUP | Q36: =IF(ISNA(MATCH(PL[[#This Row],[ITEM ID]],Externos!$A:$A,0)),"",IF(PL[[#This Row],[DETECTOR_ROLE]]="Sustainability Manager","SOCIAL",IF(INDEX(Externos!$D:$D,MATCH(PL[[#This Row],[ITEM ID]],Externos!$A:$A,0))="TRINA",IF(PL[[#This Row],[DETECTOR_ROLE]]="O&M","Trina O&M",IF(PL[[#This Row],[DETECTOR_ROLE]]="Commissioning Manager","Trina Commissioning","Trina Electric")),"O&M")))
A37: PHL-39522 | B37: Trenches and Cable Way | C37: CAJAS | D37: CAJAS | E37: MT CTO_(155)Caja de Empalme Sectioning Pit Cto 10 Lewis 6-7 -Norte | F37: Limpieza general | G37: Environmental Discipline | J37: CL | K37: CERRADO | N37: =IF(ISNUMBER(PL[[#This Row],[CTO]]),"CTO "&PL[[#This Row],[CTO]],"Otros") -> Otros | O37: =IF(PL[[#This Row],[STATUS IUP]]="CERRADO","CERRADO",IF(ISNUMBER(SEARCH("validacion de enel",PL[[#This Row],[SUPPLIER NOTES]])),"PTE Validar Enel","ABIERTO")) -> CERRADO | P37: =IF(PL[[#This Row],[ESTADO]]="CERRADO","Cerrados IUP",IF(PL[[#This Row],[ESTADO]]="PTE Validar Enel","Pendiente cierre ENEL",IF(ISNUMBER(SEARCH("suministro",PL[[#This Row],[SUPPLIER NOTES]])),"Suministros",IF(PL[[#This Row],[SC]]="SOCIAL","Social",IF(ISNUMBER(SEARCH("monolito",PL[[#This Row],[DESCRIPTION]])),"Monolitos","Varios"))))) -> Cerrados IUP | Q37: =IF(ISNA(MATCH(PL[[#This Row],[ITEM ID]],Externos!$A:$A,0)),"",IF(PL[[#This Row],[DETECTOR_ROLE]]="Sustainability Manager","SOCIAL",IF(INDEX(Externos!$D:$D,MATCH(PL[[#This Row],[ITEM ID]],Externos!$A:$A,0))="TRINA",IF(PL[[#This Row],[DETECTOR_ROLE]]="O&M","Trina O&M",IF(PL[[#This Row],[DETECTOR_ROLE]]="Commissioning Manager","Trina Commissioning","Trina Electric")),"O&M")))
A38: PHL-39523 | B38: Trenches and Cable Way | C38: CAJAS | D38: CAJAS | E38: MT CTO10_(156)Caja de Empalme Sectioning Pit Cto 10 Lewis 6-7 -Norte | F38: Adecuación del terreno | G38: Civil Specialist | J38: CL | K38: CERRADO | N38: =IF(ISNUMBER(PL[[#This Row],[CTO]]),"CTO "&PL[[#This Row],[CTO]],"Otros") -> Otros | O38: =IF(PL[[#This Row],[STATUS IUP]]="CERRADO","CERRADO",IF(ISNUMBER(SEARCH("validacion de enel",PL[[#This Row],[SUPPLIER NOTES]])),"PTE Validar Enel","ABIERTO")) -> CERRADO | P38: =IF(PL[[#This Row],[ESTADO]]="CERRADO","Cerrados IUP",IF(PL[[#This Row],[ESTADO]]="PTE Validar Enel","Pendiente cierre ENEL",IF(ISNUMBER(SEARCH("suministro",PL[[#This Row],[SUPPLIER NOTES]])),"Suministros",IF(PL[[#This Row],[SC]]="SOCIAL","Social",IF(ISNUMBER(SEARCH("monolito",PL[[#This Row],[DESCRIPTION]])),"Monolitos","Varios"))))) -> Cerrados IUP | Q38: =IF(ISNA(MATCH(PL[[#This Row],[ITEM ID]],Externos!$A:$A,0)),"",IF(PL[[#This Row],[DETECTOR_ROLE]]="Sustainability Manager","SOCIAL",IF(INDEX(Externos!$D:$D,MATCH(PL[[#This Row],[ITEM ID]],Externos!$A:$A,0))="TRINA",IF(PL[[#This Row],[DETECTOR_ROLE]]="O&M","Trina O&M",IF(PL[[#This Row],[DETECTOR_ROLE]]="Commissioning Manager","Trina Commissioning","Trina Electric")),"O&M")))
A39: PHL-39790 | B39: LV/MV Cabin Others | C39: CAJAS | D39: CAJAS | E39: CTO10_MT_123 | F39: Cajas de paso OC1 costado norte y sur: | Instalación TAG | G39: Site Manager | J39: CL | K39: CERRADO | N39: =IF(ISNUMBER(PL[[#This Row],[CTO]]),"CTO "&PL[[#This Row],[CTO]],"Otros") -> Otros | O39: =IF(PL[[#This Row],[STATUS IUP]]="CERRADO","CERRADO",IF(ISNUMBER(SEARCH("validacion de enel",PL[[#This Row],[SUPPLIER NOTES]])),"PTE Validar Enel","ABIERTO")) -> CERRADO | P39: =IF(PL[[#This Row],[ESTADO]]="CERRADO","Cerrados IUP",IF(PL[[#This Row],[ESTADO]]="PTE Validar Enel","Pendiente cierre ENEL",IF(ISNUMBER(SEARCH("suministro",PL[[#This Row],[SUPPLIER NOTES]])),"Suministros",IF(PL[[#This Row],[SC]]="SOCIAL","Social",IF(ISNUMBER(SEARCH("monolito",PL[[#This Row],[DESCRIPTION]])),"Monolitos","Varios"))))) -> Cerrados IUP | Q39: =IF(ISNA(MATCH(PL[[#This Row],[ITEM ID]],Externos!$A:$A,0)),"",IF(PL[[#This Row],[DETECTOR_ROLE]]="Sustainability Manager","SOCIAL",IF(INDEX(Externos!$D:$D,MATCH(PL[[#This Row],[ITEM ID]],Externos!$A:$A,0))="TRINA",IF(PL[[#This Row],[DETECTOR_ROLE]]="O&M","Trina O&M",IF(PL[[#This Row],[DETECTOR_ROLE]]="Commissioning Manager","Trina Commissioning","Trina Electric")),"O&M")))
A40: PHL-39791 | B40: LV/MV Cabin Others | C40: CAJAS | D40: CAJAS | E40: CTO10_MT_126 | F40: Cajas de paso OC1 costado norte y sur: | orden y aseo | G40: Site Manager | J40: CL | K40: CERRADO | N40: =IF(ISNUMBER(PL[[#This Row],[CTO]]),"CTO "&PL[[#This Row],[CTO]],"Otros") -> Otros | O40: =IF(PL[[#This Row],[STATUS IUP]]="CERRADO","CERRADO",IF(ISNUMBER(SEARCH("validacion de enel",PL[[#This Row],[SUPPLIER NOTES]])),"PTE Validar Enel","ABIERTO")) -> CERRADO | P40: =IF(PL[[#This Row],[ESTADO]]="CERRADO","Cerrados IUP",IF(PL[[#This Row],[ESTADO]]="PTE Validar Enel","Pendiente cierre ENEL",IF(ISNUMBER(SEARCH("suministro",PL[[#This Row],[SUPPLIER NOTES]])),"Suministros",IF(PL[[#This Row],[SC]]="SOCIAL","Social",IF(ISNUMBER(SEARCH("monolito",PL[[#This Row],[DESCRIPTION]])),"Monolitos","Varios"))))) -> Cerrados IUP | Q40: =IF(ISNA(MATCH(PL[[#This Row],[ITEM ID]],Externos!$A:$A,0)),"",IF(PL[[#This Row],[DETECTOR_ROLE]]="Sustainability Manager","SOCIAL",IF(INDEX(Externos!$D:$D,MATCH(PL[[#This Row],[ITEM ID]],Externos!$A:$A,0))="TRINA",IF(PL[[#This Row],[DETECTOR_ROLE]]="O&M","Trina O&M",IF(PL[[#This Row],[DETECTOR_ROLE]]="Commissioning Manager","Trina Commissioning","Trina Electric")),"O&M")))
A41: PHL-39792 | B41: LV/MV Cabin Others | C41: CAJAS | D41: CAJAS | E41: CTO10_MT_127 | F41: Cajas de paso OC1 costado norte y sur: | conformación de terreno | G41: Site Manager | J41: CL | K41: CERRADO | N41: =IF(ISNUMBER(PL[[#This Row],[CTO]]),"CTO "&PL[[#This Row],[CTO]],"Otros") -> Otros | O41: =IF(PL[[#This Row],[STATUS IUP]]="CERRADO","CERRADO",IF(ISNUMBER(SEARCH("validacion de enel",PL[[#This Row],[SUPPLIER NOTES]])),"PTE Validar Enel","ABIERTO")) -> CERRADO | P41: =IF(PL[[#This Row],[ESTADO]]="CERRADO","Cerrados IUP",IF(PL[[#This Row],[ESTADO]]="PTE Validar Enel","Pendiente cierre ENEL",IF(ISNUMBER(SEARCH("suministro",PL[[#This Row],[SUPPLIER NOTES]])),"Suministros",IF(PL[[#This Row],[SC]]="SOCIAL","Social",IF(ISNUMBER(SEARCH("monolito",PL[[#This Row],[DESCRIPTION]])),"Monolitos","Varios"))))) -> Cerrados IUP | Q41: =IF(ISNA(MATCH(PL[[#This Row],[ITEM ID]],Externos!$A:$A,0)),"",IF(PL[[#This Row],[DETECTOR_ROLE]]="Sustainability Manager","SOCIAL",IF(INDEX(Externos!$D:$D,MATCH(PL[[#This Row],[ITEM ID]],Externos!$A:$A,0))="TRINA",IF(PL[[#This Row],[DETECTOR_ROLE]]="O&M","Trina O&M",IF(PL[[#This Row],[DETECTOR_ROLE]]="Commissioning Manager","Trina Commissioning","Trina Electric")),"O&M")))
A42: PHL-39794 | B42: LV/MV Cabin Others | C42: CAJAS | D42: CAJAS | E42: CTO10_MT_131 | F42: Caja empalme Promigas 5 costado sur: | conformación de terreno | G42: Site Manager | J42: CL | K42: CERRADO | N42: =IF(ISNUMBER(PL[[#This Row],[CTO]]),"CTO "&PL[[#This Row],[CTO]],"Otros") -> Otros | O42: =IF(PL[[#This Row],[STATUS IUP]]="CERRADO","CERRADO",IF(ISNUMBER(SEARCH("validacion de enel",PL[[#This Row],[SUPPLIER NOTES]])),"PTE Validar Enel","ABIERTO")) -> CERRADO | P42: =IF(PL[[#This Row],[ESTADO]]="CERRADO","Cerrados IUP",IF(PL[[#This Row],[ESTADO]]="PTE Validar Enel","Pendiente cierre ENEL",IF(ISNUMBER(SEARCH("suministro",PL[[#This Row],[SUPPLIER NOTES]])),"Suministros",IF(PL[[#This Row],[SC]]="SOCIAL","Social",IF(ISNUMBER(SEARCH("monolito",PL[[#This Row],[DESCRIPTION]])),"Monolitos","Varios"))))) -> Cerrados IUP | Q42: =IF(ISNA(MATCH(PL[[#This Row],[ITEM ID]],Externos!$A:$A,0)),"",IF(PL[[#This Row],[DETECTOR_ROLE]]="Sustainability Manager","SOCIAL",IF(INDEX(Externos!$D:$D,MATCH(PL[[#This Row],[ITEM ID]],Externos!$A:$A,0))="TRINA",IF(PL[[#This Row],[DETECTOR_ROLE]]="O&M","Trina O&M",IF(PL[[#This Row],[DETECTOR_ROLE]]="Commissioning Manager","Trina Commissioning","Trina Electric")),"O&M")))
A43: PHL-39795 | B43: LV/MV Cabin Others | C43: CAJAS | D43: CAJAS | E43: CTO10_MT_134 | F43: Caja de paso Promigas 5 costado norte | orden y aseo | G43: Site Manager | J43: CL | K43: CERRADO | N43: =IF(ISNUMBER(PL[[#This Row],[CTO]]),"CTO "&PL[[#This Row],[CTO]],"Otros") -> Otros | O43: =IF(PL[[#This Row],[STATUS IUP]]="CERRADO","CERRADO",IF(ISNUMBER(SEARCH("validacion de enel",PL[[#This Row],[SUPPLIER NOTES]])),"PTE Validar Enel","ABIERTO")) -> CERRADO | P43: =IF(PL[[#This Row],[ESTADO]]="CERRADO","Cerrados IUP",IF(PL[[#This Row],[ESTADO]]="PTE Validar Enel","Pendiente cierre ENEL",IF(ISNUMBER(SEARCH("suministro",PL[[#This Row],[SUPPLIER NOTES]])),"Suministros",IF(PL[[#This Row],[SC]]="SOCIAL","Social",IF(ISNUMBER(SEARCH("monolito",PL[[#This Row],[DESCRIPTION]])),"Monolitos","Varios"))))) -> Cerrados IUP | Q43: =IF(ISNA(MATCH(PL[[#This Row],[ITEM ID]],Externos!$A:$A,0)),"",IF(PL[[#This Row],[DETECTOR_ROLE]]="Sustainability Manager","SOCIAL",IF(INDEX(Externos!$D:$D,MATCH(PL[[#This Row],[ITEM ID]],Externos!$A:$A,0))="TRINA",IF(PL[[#This Row],[DETECTOR_ROLE]]="O&M","Trina O&M",IF(PL[[#This Row],[DETECTOR_ROLE]]="Commissioning Manager","Trina Commissioning","Trina Electric")),"O&M")))
A44: PHL-38986 | B44: Cables | C44: CAJAS | D44: CAJAS | E44: Caja de Empalme Sectioning Pit Cto 09 Suc 22 | F44: Corte de azas y resane de caja | G44: Civil Specialist | J44: CL | K44: CERRADO | L44: 46300 | M44: 46137 | N44: =IF(ISNUMBER(PL[[#This Row],[CTO]]),"CTO "&PL[[#This Row],[CTO]],"Otros") -> Otros | O44: =IF(PL[[#This Row],[STATUS IUP]]="CERRADO","CERRADO",IF(ISNUMBER(SEARCH("validacion de enel",PL[[#This Row],[SUPPLIER NOTES]])),"PTE Validar Enel","ABIERTO")) -> CERRADO | P44: =IF(PL[[#This Row],[ESTADO]]="CERRADO","Cerrados IUP",IF(PL[[#This Row],[ESTADO]]="PTE Validar Enel","Pendiente cierre ENEL",IF(ISNUMBER(SEARCH("suministro",PL[[#This Row],[SUPPLIER NOTES]])),"Suministros",IF(PL[[#This Row],[SC]]="SOCIAL","Social",IF(ISNUMBER(SEARCH("monolito",PL[[#This Row],[DESCRIPTION]])),"Monolitos","Varios"))))) -> Cerrados IUP | Q44: =IF(ISNA(MATCH(PL[[#This Row],[ITEM ID]],Externos!$A:$A,0)),"",IF(PL[[#This Row],[DETECTOR_ROLE]]="Sustainability Manager","SOCIAL",IF(INDEX(Externos!$D:$D,MATCH(PL[[#This Row],[ITEM ID]],Externos!$A:$A,0))="TRINA",IF(PL[[#This Row],[DETECTOR_ROLE]]="O&M","Trina O&M",IF(PL[[#This Row],[DETECTOR_ROLE]]="Commissioning Manager","Trina Commissioning","Trina Electric")),"O&M")))
A45: PHL-39062 | B45: Cables | C45: CAJAS | D45: CAJAS | E45: Caja de empalme continua a la ITS24 | F45: Instalacion de monolitos | G45: Electrical Specialist | H45: No aplica no esta en la ingenieria aprobada | J45: OP | K45: ABIERTO | N45: =IF(ISNUMBER(PL[[#This Row],[CTO]]),"CTO "&PL[[#This Row],[CTO]],"Otros") -> Otros | O45: =IF(PL[[#This Row],[STATUS IUP]]="CERRADO","CERRADO",IF(ISNUMBER(SEARCH("validacion de enel",PL[[#This Row],[SUPPLIER NOTES]])),"PTE Validar Enel","ABIERTO")) -> ABIERTO | P45: =IF(PL[[#This Row],[ESTADO]]="CERRADO","Cerrados IUP",IF(PL[[#This Row],[ESTADO]]="PTE Validar Enel","Pendiente cierre ENEL",IF(ISNUMBER(SEARCH("suministro",PL[[#This Row],[SUPPLIER NOTES]])),"Suministros",IF(PL[[#This Row],[SC]]="SOCIAL","Social",IF(ISNUMBER(SEARCH("monolito",PL[[#This Row],[DESCRIPTION]])),"Monolitos","Varios"))))) -> Monolitos | Q45: =IF(ISNA(MATCH(PL[[#This Row],[ITEM ID]],Externos!$A:$A,0)),"",IF(PL[[#This Row],[DETECTOR_ROLE]]="Sustainability Manager","SOCIAL",IF(INDEX(Externos!$D:$D,MATCH(PL[[#This Row],[ITEM ID]],Externos!$A:$A,0))="TRINA",IF(PL[[#This Row],[DETECTOR_ROLE]]="O&M","Trina O&M",IF(PL[[#This Row],[DETECTOR_ROLE]]="Commissioning Manager","Trina Commissioning","Trina Electric")),"O&M")))
A46: PHL-39086 | B46: Cables | C46: CAJAS | D46: CAJAS | E46: caja de paso de la OC5 costado Sur de los CTOS 8-9-10 : | F46: Instalacion de monolitos | G46: Electrical Specialist | H46: No aplica no esta en la ingenieria aprobada | J46: OP | K46: ABIERTO | N46: =IF(ISNUMBER(PL[[#This Row],[CTO]]),"CTO "&PL[[#This Row],[CTO]],"Otros") -> Otros | O46: =IF(PL[[#This Row],[STATUS IUP]]="CERRADO","CERRADO",IF(ISNUMBER(SEARCH("validacion de enel",PL[[#This Row],[SUPPLIER NOTES]])),"PTE Validar Enel","ABIERTO")) -> ABIERTO | P46: =IF(PL[[#This Row],[ESTADO]]="CERRADO","Cerrados IUP",IF(PL[[#This Row],[ESTADO]]="PTE Validar Enel","Pendiente cierre ENEL",IF(ISNUMBER(SEARCH("suministro",PL[[#This Row],[SUPPLIER NOTES]])),"Suministros",IF(PL[[#This Row],[SC]]="SOCIAL","Social",IF(ISNUMBER(SEARCH("monolito",PL[[#This Row],[DESCRIPTION]])),"Monolitos","Varios"))))) -> Monolitos | Q46: =IF(ISNA(MATCH(PL[[#This Row],[ITEM ID]],Externos!$A:$A,0)),"",IF(PL[[#This Row],[DETECTOR_ROLE]]="Sustainability Manager","SOCIAL",IF(INDEX(Externos!$D:$D,MATCH(PL[[#This Row],[ITEM ID]],Externos!$A:$A,0))="TRINA",IF(PL[[#This Row],[DETECTOR_ROLE]]="O&M","Trina O&M",IF(PL[[#This Row],[DETECTOR_ROLE]]="Commissioning Manager","Trina Commissioning","Trina Electric")),"O&M")))
A47: PHL-39802 | B47: LV/MV Cabin Others | C47: CAJAS | D47: CAJAS | E47: CTO10_MT_146 | F47: Caja de Empalme Sectioning Pit Cto 10 Lewis 6-7 | limpieza general, orden y aseo alrededor de la caja | G47: Site Manager | J47: CL | K47: CERRADO | N47: =IF(ISNUMBER(PL[[#This Row],[CTO]]),"CTO "&PL[[#This Row],[CTO]],"Otros") -> Otros | O47: =IF(PL[[#This Row],[STATUS IUP]]="CERRADO","CERRADO",IF(ISNUMBER(SEARCH("validacion de enel",PL[[#This Row],[SUPPLIER NOTES]])),"PTE Validar Enel","ABIERTO")) -> CERRADO | P47: =IF(PL[[#This Row],[ESTADO]]="CERRADO","Cerrados IUP",IF(PL[[#This Row],[ESTADO]]="PTE Validar Enel","Pendiente cierre ENEL",IF(ISNUMBER(SEARCH("suministro",PL[[#This Row],[SUPPLIER NOTES]])),"Suministros",IF(PL[[#This Row],[SC]]="SOCIAL","Social",IF(ISNUMBER(SEARCH("monolito",PL[[#This Row],[DESCRIPTION]])),"Monolitos","Varios"))))) -> Cerrados IUP | Q47: =IF(ISNA(MATCH(PL[[#This Row],[ITEM ID]],Externos!$A:$A,0)),"",IF(PL[[#This Row],[DETECTOR_ROLE]]="Sustainability Manager","SOCIAL",IF(INDEX(Externos!$D:$D,MATCH(PL[[#This Row],[ITEM ID]],Externos!$A:$A,0))="TRINA",IF(PL[[#This Row],[DETECTOR_ROLE]]="O&M","Trina O&M",IF(PL[[#This Row],[DETECTOR_ROLE]]="Commissioning Manager","Trina Commissioning","Trina Electric")),"O&M")))
A48: PHL-39803 | B48: LV/MV Cabin Others | C48: CAJAS | D48: CAJAS | E48: CTO10_MT_149 | F48: Caja de Empalme Sectioning Pit Cto 10 Lewis 6-7 | ⁠conformación de Terreno Cajas de Fusión FO | G48: Site Manager | J48: CL | K48: CERRADO | N48: =IF(ISNUMBER(PL[[#This Row],[CTO]]),"CTO "&PL[[#This Row],[CTO]],"Otros") -> Otros | O48: =IF(PL[[#This Row],[STATUS IUP]]="CERRADO","CERRADO",IF(ISNUMBER(SEARCH("validacion de enel",PL[[#This Row],[SUPPLIER NOTES]])),"PTE Validar Enel","ABIERTO")) -> CERRADO | P48: =IF(PL[[#This Row],[ESTADO]]="CERRADO","Cerrados IUP",IF(PL[[#This Row],[ESTADO]]="PTE Validar Enel","Pendiente cierre ENEL",IF(ISNUMBER(SEARCH("suministro",PL[[#This Row],[SUPPLIER NOTES]])),"Suministros",IF(PL[[#This Row],[SC]]="SOCIAL","Social",IF(ISNUMBER(SEARCH("monolito",PL[[#This Row],[DESCRIPTION]])),"Monolitos","Varios"))))) -> Cerrados IUP | Q48: =IF(ISNA(MATCH(PL[[#This Row],[ITEM ID]],Externos!$A:$A,0)),"",IF(PL[[#This Row],[DETECTOR_ROLE]]="Sustainability Manager","SOCIAL",IF(INDEX(Externos!$D:$D,MATCH(PL[[#This Row],[ITEM ID]],Externos!$A:$A,0))="TRINA",IF(PL[[#This Row],[DETECTOR_ROLE]]="O&M","Trina O&M",IF(PL[[#This Row],[DETECTOR_ROLE]]="Commissioning Manager","Trina Commissioning","Trina Electric")),"O&M")))
A49: PHL-39804 | B49: LV/MV Cabin Others | C49: CAJAS | D49: CAJAS | E49: CTO10_MT_150 | F49: Caja de Empalme Sectioning Pit Cto 10 Lewis 6-7 | conformación de terreno Cajas de Empalme Sectioning Pit | G49: Site Manager | J49: CL | K49: CERRADO | N49: =IF(ISNUMBER(PL[[#This Row],[CTO]]),"CTO "&PL[[#This Row],[CTO]],"Otros") -> Otros | O49: =IF(PL[[#This Row],[STATUS IUP]]="CERRADO","CERRADO",IF(ISNUMBER(SEARCH("validacion de enel",PL[[#This Row],[SUPPLIER NOTES]])),"PTE Validar Enel","ABIERTO")) -> CERRADO | P49: =IF(PL[[#This Row],[ESTADO]]="CERRADO","Cerrados IUP",IF(PL[[#This Row],[ESTADO]]="PTE Validar Enel","Pendiente cierre ENEL",IF(ISNUMBER(SEARCH("suministro",PL[[#This Row],[SUPPLIER NOTES]])),"Suministros",IF(PL[[#This Row],[SC]]="SOCIAL","Social",IF(ISNUMBER(SEARCH("monolito",PL[[#This Row],[DESCRIPTION]])),"Monolitos","Varios"))))) -> Cerrados IUP | Q49: =IF(ISNA(MATCH(PL[[#This Row],[ITEM ID]],Externos!$A:$A,0)),"",IF(PL[[#This Row],[DETECTOR_ROLE]]="Sustainability Manager","SOCIAL",IF(INDEX(Externos!$D:$D,MATCH(PL[[#This Row],[ITEM ID]],Externos!$A:$A,0))="TRINA",IF(PL[[#This Row],[DETECTOR_ROLE]]="O&M","Trina O&M",IF(PL[[#This Row],[DETECTOR_ROLE]]="Commissioning Manager","Trina Commissioning","Trina Electric")),"O&M")))
A50: PHL-39805 | B50: LV/MV Cabin Others | C50: CAJAS | D50: CAJAS | E50: CTO10_MT_155 | F50: Caja de Empalme Sectioning Pit Cto 10 Lewis 6-7 -Norte | Limpieza general | G50: Site Manager | J50: CL | K50: CERRADO | N50: =IF(ISNUMBER(PL[[#This Row],[CTO]]),"CTO "&PL[[#This Row],[CTO]],"Otros") -> Otros | O50: =IF(PL[[#This Row],[STATUS IUP]]="CERRADO","CERRADO",IF(ISNUMBER(SEARCH("validacion de enel",PL[[#This Row],[SUPPLIER NOTES]])),"PTE Validar Enel","ABIERTO")) -> CERRADO | P50: =IF(PL[[#This Row],[ESTADO]]="CERRADO","Cerrados IUP",IF(PL[[#This Row],[ESTADO]]="PTE Validar Enel","Pendiente cierre ENEL",IF(ISNUMBER(SEARCH("suministro",PL[[#This Row],[SUPPLIER NOTES]])),"Suministros",IF(PL[[#This Row],[SC]]="SOCIAL","Social",IF(ISNUMBER(SEARCH("monolito",PL[[#This Row],[DESCRIPTION]])),"Monolitos","Varios"))))) -> Cerrados IUP | Q50: =IF(ISNA(MATCH(PL[[#This Row],[ITEM ID]],Externos!$A:$A,0)),"",IF(PL[[#This Row],[DETECTOR_ROLE]]="Sustainability Manager","SOCIAL",IF(INDEX(Externos!$D:$D,MATCH(PL[[#This Row],[ITEM ID]],Externos!$A:$A,0))="TRINA",IF(PL[[#This Row],[DETECTOR_ROLE]]="O&M","Trina O&M",IF(PL[[#This Row],[DETECTOR_ROLE]]="Commissioning Manager","Trina Commissioning","Trina Electric")),"O&M")))
A51: PHL-39806 | B51: LV/MV Cabin Others | C51: CAJAS | D51: CAJAS | E51: CTO10_MT_156 | F51: Caja de Empalme Sectioning Pit Cto 10 Lewis 6-7 -Norte | Adecuación del terreno | G51: Site Manager | J51: CL | K51: CERRADO | N51: =IF(ISNUMBER(PL[[#This Row],[CTO]]),"CTO "&PL[[#This Row],[CTO]],"Otros") -> Otros | O51: =IF(PL[[#This Row],[STATUS IUP]]="CERRADO","CERRADO",IF(ISNUMBER(SEARCH("validacion de enel",PL[[#This Row],[SUPPLIER NOTES]])),"PTE Validar Enel","ABIERTO")) -> CERRADO | P51: =IF(PL[[#This Row],[ESTADO]]="CERRADO","Cerrados IUP",IF(PL[[#This Row],[ESTADO]]="PTE Validar Enel","Pendiente cierre ENEL",IF(ISNUMBER(SEARCH("suministro",PL[[#This Row],[SUPPLIER NOTES]])),"Suministros",IF(PL[[#This Row],[SC]]="SOCIAL","Social",IF(ISNUMBER(SEARCH("monolito",PL[[#This Row],[DESCRIPTION]])),"Monolitos","Varios"))))) -> Cerrados IUP | Q51: =IF(ISNA(MATCH(PL[[#This Row],[ITEM ID]],Externos!$A:$A,0)),"",IF(PL[[#This Row],[DETECTOR_ROLE]]="Sustainability Manager","SOCIAL",IF(INDEX(Externos!$D:$D,MATCH(PL[[#This Row],[ITEM ID]],Externos!$A:$A,0))="TRINA",IF(PL[[#This Row],[DETECTOR_ROLE]]="O&M","Trina O&M",IF(PL[[#This Row],[DETECTOR_ROLE]]="Commissioning Manager","Trina Commissioning","Trina Electric")),"O&M")))
A52: PHL-39088 | B52: Cables | C52: CAJAS | D52: CAJAS | E52: caja de paso de la OC5 costado Sur de los CTOS 8-9-10 : | F52: Instalacion de tag y señalizacion RETIE | G52: Project HSE&Q support | H52: Pendiente validacion de enel | J52: CL | K52: CERRADO | L52: 46303 | N52: =IF(ISNUMBER(PL[[#This Row],[CTO]]),"CTO "&PL[[#This Row],[CTO]],"Otros") -> Otros | O52: =IF(PL[[#This Row],[STATUS IUP]]="CERRADO","CERRADO",IF(ISNUMBER(SEARCH("validacion de enel",PL[[#This Row],[SUPPLIER NOTES]])),"PTE Validar Enel","ABIERTO")) -> CERRADO | P52: =IF(PL[[#This Row],[ESTADO]]="CERRADO","Cerrados IUP",IF(PL[[#This Row],[ESTADO]]="PTE Validar Enel","Pendiente cierre ENEL",IF(ISNUMBER(SEARCH("suministro",PL[[#This Row],[SUPPLIER NOTES]])),"Suministros",IF(PL[[#This Row],[SC]]="SOCIAL","Social",IF(ISNUMBER(SEARCH("monolito",PL[[#This Row],[DESCRIPTION]])),"Monolitos","Varios"))))) -> Cerrados IUP | Q52: =IF(ISNA(MATCH(PL[[#This Row],[ITEM ID]],Externos!$A:$A,0)),"",IF(PL[[#This Row],[DETECTOR_ROLE]]="Sustainability Manager","SOCIAL",IF(INDEX(Externos!$D:$D,MATCH(PL[[#This Row],[ITEM ID]],Externos!$A:$A,0))="TRINA",IF(PL[[#This Row],[DETECTOR_ROLE]]="O&M","Trina O&M",IF(PL[[#This Row],[DETECTOR_ROLE]]="Commissioning Manager","Trina Commissioning","Trina Electric")),"O&M")))
A53: PHL-39095 | B53: Cables | C53: CAJAS | D53: CAJAS | E53: Caja de paso del costado norte de la OC5 de los CTOS 8-9-15 | F53: Instalacion de tag y señalizacion RETIE | G53: Project HSE&Q support | H53: Pendiente validacion de enel | J53: CL | K53: CERRADO | L53: 46303 | N53: =IF(ISNUMBER(PL[[#This Row],[CTO]]),"CTO "&PL[[#This Row],[CTO]],"Otros") -> Otros | O53: =IF(PL[[#This Row],[STATUS IUP]]="CERRADO","CERRADO",IF(ISNUMBER(SEARCH("validacion de enel",PL[[#This Row],[SUPPLIER NOTES]])),"PTE Validar Enel","ABIERTO")) -> CERRADO | P53: =IF(PL[[#This Row],[ESTADO]]="CERRADO","Cerrados IUP",IF(PL[[#This Row],[ESTADO]]="PTE Validar Enel","Pendiente cierre ENEL",IF(ISNUMBER(SEARCH("suministro",PL[[#This Row],[SUPPLIER NOTES]])),"Suministros",IF(PL[[#This Row],[SC]]="SOCIAL","Social",IF(ISNUMBER(SEARCH("monolito",PL[[#This Row],[DESCRIPTION]])),"Monolitos","Varios"))))) -> Cerrados IUP | Q53: =IF(ISNA(MATCH(PL[[#This Row],[ITEM ID]],Externos!$A:$A,0)),"",IF(PL[[#This Row],[DETECTOR_ROLE]]="Sustainability Manager","SOCIAL",IF(INDEX(Externos!$D:$D,MATCH(PL[[#This Row],[ITEM ID]],Externos!$A:$A,0))="TRINA",IF(PL[[#This Row],[DETECTOR_ROLE]]="O&M","Trina O&M",IF(PL[[#This Row],[DETECTOR_ROLE]]="Commissioning Manager","Trina Commissioning","Trina Electric")),"O&M")))
A54: PHL-39102 | B54: Cables | C54: CAJAS | D54: CAJAS | E54: Caja de Empalme Sectioning Pit Cto 09 Lewis 6-12 | F54: Instalacion de tag y señalizacion RETIE | G54: Project HSE&Q support | H54: Pendiente validacion de enel | J54: CL | K54: CERRADO | L54: 46303 | N54: =IF(ISNUMBER(PL[[#This Row],[CTO]]),"CTO "&PL[[#This Row],[CTO]],"Otros") -> Otros | O54: =IF(PL[[#This Row],[STATUS IUP]]="CERRADO","CERRADO",IF(ISNUMBER(SEARCH("validacion de enel",PL[[#This Row],[SUPPLIER NOTES]])),"PTE Validar Enel","ABIERTO")) -> CERRADO | P54: =IF(PL[[#This Row],[ESTADO]]="CERRADO","Cerrados IUP",IF(PL[[#This Row],[ESTADO]]="PTE Validar Enel","Pendiente cierre ENEL",IF(ISNUMBER(SEARCH("suministro",PL[[#This Row],[SUPPLIER NOTES]])),"Suministros",IF(PL[[#This Row],[SC]]="SOCIAL","Social",IF(ISNUMBER(SEARCH("monolito",PL[[#This Row],[DESCRIPTION]])),"Monolitos","Varios"))))) -> Cerrados IUP | Q54: =IF(ISNA(MATCH(PL[[#This Row],[ITEM ID]],Externos!$A:$A,0)),"",IF(PL[[#This Row],[DETECTOR_ROLE]]="Sustainability Manager","SOCIAL",IF(INDEX(Externos!$D:$D,MATCH(PL[[#This Row],[ITEM ID]],Externos!$A:$A,0))="TRINA",IF(PL[[#This Row],[DETECTOR_ROLE]]="O&M","Trina O&M",IF(PL[[#This Row],[DETECTOR_ROLE]]="Commissioning Manager","Trina Commissioning","Trina Electric")),"O&M")))
A55: PHL-39516 | B55: Trenches and Cable Way | C55: CAJAS | D55: CAJAS | E55: MT CTO10_(143)Caja de Empalme Sectioning Pit Cto 10 Lewis 6-7 | F55: Instalación de monolito | G55: Electrical Specialist | H55: No aplica no esta en la ingenieria aprobada | J55: OP | K55: ABIERTO | N55: =IF(ISNUMBER(PL[[#This Row],[CTO]]),"CTO "&PL[[#This Row],[CTO]],"Otros") -> Otros | O55: =IF(PL[[#This Row],[STATUS IUP]]="CERRADO","CERRADO",IF(ISNUMBER(SEARCH("validacion de enel",PL[[#This Row],[SUPPLIER NOTES]])),"PTE Validar Enel","ABIERTO")) -> ABIERTO | P55: =IF(PL[[#This Row],[ESTADO]]="CERRADO","Cerrados IUP",IF(PL[[#This Row],[ESTADO]]="PTE Validar Enel","Pendiente cierre ENEL",IF(ISNUMBER(SEARCH("suministro",PL[[#This Row],[SUPPLIER NOTES]])),"Suministros",IF(PL[[#This Row],[SC]]="SOCIAL","Social",IF(ISNUMBER(SEARCH("monolito",PL[[#This Row],[DESCRIPTION]])),"Monolitos","Varios"))))) -> Monolitos | Q55: =IF(ISNA(MATCH(PL[[#This Row],[ITEM ID]],Externos!$A:$A,0)),"",IF(PL[[#This Row],[DETECTOR_ROLE]]="Sustainability Manager","SOCIAL",IF(INDEX(Externos!$D:$D,MATCH(PL[[#This Row],[ITEM ID]],Externos!$A:$A,0))="TRINA",IF(PL[[#This Row],[DETECTOR_ROLE]]="O&M","Trina O&M",IF(PL[[#This Row],[DETECTOR_ROLE]]="Commissioning Manager","Trina Commissioning","Trina Electric")),"O&M")))
A56: PHL-39518 | B56: Trenches and Cable Way | C56: CAJAS | D56: CAJAS | E56: MT CTO10_(146)Caja de Empalme Sectioning Pit Cto 10 Lewis 6-7 | F56: limpieza general, orden y aseo alrededor de la caja | G56: Environmental Discipline | J56: CL | K56: CERRADO | L56: 46304 | N56: =IF(ISNUMBER(PL[[#This Row],[CTO]]),"CTO "&PL[[#This Row],[CTO]],"Otros") -> Otros | O56: =IF(PL[[#This Row],[STATUS IUP]]="CERRADO","CERRADO",IF(ISNUMBER(SEARCH("validacion de enel",PL[[#This Row],[SUPPLIER NOTES]])),"PTE Validar Enel","ABIERTO")) -> CERRADO | P56: =IF(PL[[#This Row],[ESTADO]]="CERRADO","Cerrados IUP",IF(PL[[#This Row],[ESTADO]]="PTE Validar Enel","Pendiente cierre ENEL",IF(ISNUMBER(SEARCH("suministro",PL[[#This Row],[SUPPLIER NOTES]])),"Suministros",IF(PL[[#This Row],[SC]]="SOCIAL","Social",IF(ISNUMBER(SEARCH("monolito",PL[[#This Row],[DESCRIPTION]])),"Monolitos","Varios"))))) -> Cerrados IUP | Q56: =IF(ISNA(MATCH(PL[[#This Row],[ITEM ID]],Externos!$A:$A,0)),"",IF(PL[[#This Row],[DETECTOR_ROLE]]="Sustainability Manager","SOCIAL",IF(INDEX(Externos!$D:$D,MATCH(PL[[#This Row],[ITEM ID]],Externos!$A:$A,0))="TRINA",IF(PL[[#This Row],[DETECTOR_ROLE]]="O&M","Trina O&M",IF(PL[[#This Row],[DETECTOR_ROLE]]="Commissioning Manager","Trina Commissioning","Trina Electric")),"O&M")))
A57: PHL-39800 | B57: LV/MV Cabin Others | C57: CAJAS | D57: CAJAS | E57: CTO10_MT_143 | F57: Caja de Empalme Sectioning Pit Cto 10 Lewis 6-7 | Instalación de monolito | G57: Site Manager | H57: No aplica no esta en la ingenieria aprobada | J57: OP | K57: ABIERTO | N57: =IF(ISNUMBER(PL[[#This Row],[CTO]]),"CTO "&PL[[#This Row],[CTO]],"Otros") -> Otros | O57: =IF(PL[[#This Row],[STATUS IUP]]="CERRADO","CERRADO",IF(ISNUMBER(SEARCH("validacion de enel",PL[[#This Row],[SUPPLIER NOTES]])),"PTE Validar Enel","ABIERTO")) -> ABIERTO | P57: =IF(PL[[#This Row],[ESTADO]]="CERRADO","Cerrados IUP",IF(PL[[#This Row],[ESTADO]]="PTE Validar Enel","Pendiente cierre ENEL",IF(ISNUMBER(SEARCH("suministro",PL[[#This Row],[SUPPLIER NOTES]])),"Suministros",IF(PL[[#This Row],[SC]]="SOCIAL","Social",IF(ISNUMBER(SEARCH("monolito",PL[[#This Row],[DESCRIPTION]])),"Monolitos","Varios"))))) -> Monolitos | Q57: =IF(ISNA(MATCH(PL[[#This Row],[ITEM ID]],Externos!$A:$A,0)),"",IF(PL[[#This Row],[DETECTOR_ROLE]]="Sustainability Manager","SOCIAL",IF(INDEX(Externos!$D:$D,MATCH(PL[[#This Row],[ITEM ID]],Externos!$A:$A,0))="TRINA",IF(PL[[#This Row],[DETECTOR_ROLE]]="O&M","Trina O&M",IF(PL[[#This Row],[DETECTOR_ROLE]]="Commissioning Manager","Trina Commissioning","Trina Electric")),"O&M")))
A58: PHL-40869 | B58: LV/MV Transformation Cabin | C58: CAJAS | D58: CAJAS | F58: Pendiente para todas las cabinas la señalización de advertencia de la energía incidente, arco eléctrico, categoría del epp a utilizar y distancia de seguridad. (general) en sc | G58: Site Manager | H58: Pendiente validacion de enel | J58: OP | K58: ABIERTO | N58: =IF(ISNUMBER(PL[[#This Row],[CTO]]),"CTO "&PL[[#This Row],[CTO]],"Otros") -> Otros | O58: =IF(PL[[#This Row],[STATUS IUP]]="CERRADO","CERRADO",IF(ISNUMBER(SEARCH("validacion de enel",PL[[#This Row],[SUPPLIER NOTES]])),"PTE Validar Enel","ABIERTO")) -> PTE Validar Enel | P58: =IF(PL[[#This Row],[ESTADO]]="CERRADO","Cerrados IUP",IF(PL[[#This Row],[ESTADO]]="PTE Validar Enel","Pendiente cierre ENEL",IF(ISNUMBER(SEARCH("suministro",PL[[#This Row],[SUPPLIER NOTES]])),"Suministros",IF(PL[[#This Row],[SC]]="SOCIAL","Social",IF(ISNUMBER(SEARCH("monolito",PL[[#This Row],[DESCRIPTION]])),"Monolitos","Varios"))))) -> Pendiente cierre ENEL | Q58: =IF(ISNA(MATCH(PL[[#This Row],[ITEM ID]],Externos!$A:$A,0)),"",IF(PL[[#This Row],[DETECTOR_ROLE]]="Sustainability Manager","SOCIAL",IF(INDEX(Externos!$D:$D,MATCH(PL[[#This Row],[ITEM ID]],Externos!$A:$A,0))="TRINA",IF(PL[[#This Row],[DETECTOR_ROLE]]="O&M","Trina O&M",IF(PL[[#This Row],[DETECTOR_ROLE]]="Commissioning Manager","Trina Commissioning","Trina Electric")),"O&M")))
A59: PHL-41023 | B59: Others | C59: GENERAL | D59: GENERAL | F59: evaluacion, aprobacion y entrega de Curvas I-V en 15 subcampos del parque zona norte | G59: Commissioning Manager | J59: OP | K59: ABIERTO | N59: =IF(ISNUMBER(PL[[#This Row],[CTO]]),"CTO "&PL[[#This Row],[CTO]],"Otros") -> Otros | O59: =IF(PL[[#This Row],[STATUS IUP]]="CERRADO","CERRADO",IF(ISNUMBER(SEARCH("validacion de enel",PL[[#This Row],[SUPPLIER NOTES]])),"PTE Validar Enel","ABIERTO")) -> ABIERTO | P59: =IF(PL[[#This Row],[ESTADO]]="CERRADO","Cerrados IUP",IF(PL[[#This Row],[ESTADO]]="PTE Validar Enel","Pendiente cierre ENEL",IF(ISNUMBER(SEARCH("suministro",PL[[#This Row],[SUPPLIER NOTES]])),"Suministros",IF(PL[[#This Row],[SC]]="SOCIAL","Social",IF(ISNUMBER(SEARCH("monolito",PL[[#This Row],[DESCRIPTION]])),"Monolitos","Varios"))))) -> Varios | Q59: =IF(ISNA(MATCH(PL[[#This Row],[ITEM ID]],Externos!$A:$A,0)),"",IF(PL[[#This Row],[DETECTOR_ROLE]]="Sustainability Manager","SOCIAL",IF(INDEX(Externos!$D:$D,MATCH(PL[[#This Row],[ITEM ID]],Externos!$A:$A,0))="TRINA",IF(PL[[#This Row],[DETECTOR_ROLE]]="O&M","Trina O&M",IF(PL[[#This Row],[DETECTOR_ROLE]]="Commissioning Manager","Trina Commissioning","Trina Electric")),"O&M"))) -> Trina Commissioning
A60: PHL-41024 | B60: Others | C60: GENERAL | D60: GENERAL | F60: realizar y entregar informes de Termografías con dron en 15 subcampos del norte | G60: Commissioning Manager | J60: OP | K60: ABIERTO | N60: =IF(ISNUMBER(PL[[#This Row],[CTO]]),"CTO "&PL[[#This Row],[CTO]],"Otros") -> Otros | O60: =IF(PL[[#This Row],[STATUS IUP]]="CERRADO","CERRADO",IF(ISNUMBER(SEARCH("validacion de enel",PL[[#This Row],[SUPPLIER NOTES]])),"PTE Validar Enel","ABIERTO")) -> ABIERTO | P60: =IF(PL[[#This Row],[ESTADO]]="CERRADO","Cerrados IUP",IF(PL[[#This Row],[ESTADO]]="PTE Validar Enel","Pendiente cierre ENEL",IF(ISNUMBER(SEARCH("suministro",PL[[#This Row],[SUPPLIER NOTES]])),"Suministros",IF(PL[[#This Row],[SC]]="SOCIAL","Social",IF(ISNUMBER(SEARCH("monolito",PL[[#This Row],[DESCRIPTION]])),"Monolitos","Varios"))))) -> Varios | Q60: =IF(ISNA(MATCH(PL[[#This Row],[ITEM ID]],Externos!$A:$A,0)),"",IF(PL[[#This Row],[DETECTOR_ROLE]]="Sustainability Manager","SOCIAL",IF(INDEX(Externos!$D:$D,MATCH(PL[[#This Row],[ITEM ID]],Externos!$A:$A,0))="TRINA",IF(PL[[#This Row],[DETECTOR_ROLE]]="O&M","Trina O&M",IF(PL[[#This Row],[DETECTOR_ROLE]]="Commissioning Manager","Trina Commissioning","Trina Electric")),"O&M"))) -> Trina Commissioning
A61: PHL-41056 | B61: Others | C61: GENERAL | D61: GENERAL | F61: Reposicion de material prestado en etapa de comisionamiento correspondiente a piezas de trackers, cabinas y equipos| sc99_o&M | G61: O&M | H61: Pendiente validacion de enel | J61: OP | K61: ABIERTO | N61: =IF(ISNUMBER(PL[[#This Row],[CTO]]),"CTO "&PL[[#This Row],[CTO]],"Otros") -> Otros | O61: =IF(PL[[#This Row],[STATUS IUP]]="CERRADO","CERRADO",IF(ISNUMBER(SEARCH("validacion de enel",PL[[#This Row],[SUPPLIER NOTES]])),"PTE Validar Enel","ABIERTO")) -> PTE Validar Enel | P61: =IF(PL[[#This Row],[ESTADO]]="CERRADO","Cerrados IUP",IF(PL[[#This Row],[ESTADO]]="PTE Validar Enel","Pendiente cierre ENEL",IF(ISNUMBER(SEARCH("suministro",PL[[#This Row],[SUPPLIER NOTES]])),"Suministros",IF(PL[[#This Row],[SC]]="SOCIAL","Social",IF(ISNUMBER(SEARCH("monolito",PL[[#This Row],[DESCRIPTION]])),"Monolitos","Varios"))))) -> Pendiente cierre ENEL | Q61: =IF(ISNA(MATCH(PL[[#This Row],[ITEM ID]],Externos!$A:$A,0)),"",IF(PL[[#This Row],[DETECTOR_ROLE]]="Sustainability Manager","SOCIAL",IF(INDEX(Externos!$D:$D,MATCH(PL[[#This Row],[ITEM ID]],Externos!$A:$A,0))="TRINA",IF(PL[[#This Row],[DETECTOR_ROLE]]="O&M","Trina O&M",IF(PL[[#This Row],[DETECTOR_ROLE]]="Commissioning Manager","Trina Commissioning","Trina Electric")),"O&M"))) -> Trina O&M
A62: PHL-41064 | B62: Others | C62: GENERAL | D62: GENERAL | F62: Finalizacion de obras civiles y mecanicas asociadas al vallado perimetral a cargo de bop norte, incluye limpieza, retiro de materiales sobre vallado y correccion de oxidaciones mayores| sc99_o&M | G62: O&M | H62: Pendiente validacion de enel | J62: OP | K62: ABIERTO | N62: =IF(ISNUMBER(PL[[#This Row],[CTO]]),"CTO "&PL[[#This Row],[CTO]],"Otros") -> Otros | O62: =IF(PL[[#This Row],[STATUS IUP]]="CERRADO","CERRADO",IF(ISNUMBER(SEARCH("validacion de enel",PL[[#This Row],[SUPPLIER NOTES]])),"PTE Validar Enel","ABIERTO")) -> PTE Validar Enel | P62: =IF(PL[[#This Row],[ESTADO]]="CERRADO","Cerrados IUP",IF(PL[[#This Row],[ESTADO]]="PTE Validar Enel","Pendiente cierre ENEL",IF(ISNUMBER(SEARCH("suministro",PL[[#This Row],[SUPPLIER NOTES]])),"Suministros",IF(PL[[#This Row],[SC]]="SOCIAL","Social",IF(ISNUMBER(SEARCH("monolito",PL[[#This Row],[DESCRIPTION]])),"Monolitos","Varios"))))) -> Pendiente cierre ENEL | Q62: =IF(ISNA(MATCH(PL[[#This Row],[ITEM ID]],Externos!$A:$A,0)),"",IF(PL[[#This Row],[DETECTOR_ROLE]]="Sustainability Manager","SOCIAL",IF(INDEX(Externos!$D:$D,MATCH(PL[[#This Row],[ITEM ID]],Externos!$A:$A,0))="TRINA",IF(PL[[#This Row],[DETECTOR_ROLE]]="O&M","Trina O&M",IF(PL[[#This Row],[DETECTOR_ROLE]]="Commissioning Manager","Trina Commissioning","Trina Electric")),"O&M"))) -> Trina O&M
A63: PHL-41070 | B63: Others | C63: GENERAL | D63: GENERAL | F63: finalizacion de obras viales internas conforme a ingenieria del alcance del bop norte| sc99_o&M | G63: O&M | J63: OP | K63: ABIERTO | N63: =IF(ISNUMBER(PL[[#This Row],[CTO]]),"CTO "&PL[[#This Row],[CTO]],"Otros") -> Otros | O63: =IF(PL[[#This Row],[STATUS IUP]]="CERRADO","CERRADO",IF(ISNUMBER(SEARCH("validacion de enel",PL[[#This Row],[SUPPLIER NOTES]])),"PTE Validar Enel","ABIERTO")) -> ABIERTO | P63: =IF(PL[[#This Row],[ESTADO]]="CERRADO","Cerrados IUP",IF(PL[[#This Row],[ESTADO]]="PTE Validar Enel","Pendiente cierre ENEL",IF(ISNUMBER(SEARCH("suministro",PL[[#This Row],[SUPPLIER NOTES]])),"Suministros",IF(PL[[#This Row],[SC]]="SOCIAL","Social",IF(ISNUMBER(SEARCH("monolito",PL[[#This Row],[DESCRIPTION]])),"Monolitos","Varios"))))) -> Varios | Q63: =IF(ISNA(MATCH(PL[[#This Row],[ITEM ID]],Externos!$A:$A,0)),"",IF(PL[[#This Row],[DETECTOR_ROLE]]="Sustainability Manager","SOCIAL",IF(INDEX(Externos!$D:$D,MATCH(PL[[#This Row],[ITEM ID]],Externos!$A:$A,0))="TRINA",IF(PL[[#This Row],[DETECTOR_ROLE]]="O&M","Trina O&M",IF(PL[[#This Row],[DETECTOR_ROLE]]="Commissioning Manager","Trina Commissioning","Trina Electric")),"O&M"))) -> Trina O&M
A64: PHL-39080 | B64: Cables | C64: 5 | D64: SC20 | E64: Caja de empalme del CTO9 del SC20 en el cruce de promigas PR5 costado Sur | F64: Retoque de pintura en tapas metalicas | G64: Civil Specialist | H64: Pendiente validacion de enel | J64: CL | K64: CERRADO | N64: =IF(ISNUMBER(PL[[#This Row],[CTO]]),"CTO "&PL[[#This Row],[CTO]],"Otros") -> CTO 5 | O64: =IF(PL[[#This Row],[STATUS IUP]]="CERRADO","CERRADO",IF(ISNUMBER(SEARCH("validacion de enel",PL[[#This Row],[SUPPLIER NOTES]])),"PTE Validar Enel","ABIERTO")) -> CERRADO | P64: =IF(PL[[#This Row],[ESTADO]]="CERRADO","Cerrados IUP",IF(PL[[#This Row],[ESTADO]]="PTE Validar Enel","Pendiente cierre ENEL",IF(ISNUMBER(SEARCH("suministro",PL[[#This Row],[SUPPLIER NOTES]])),"Suministros",IF(PL[[#This Row],[SC]]="SOCIAL","Social",IF(ISNUMBER(SEARCH("monolito",PL[[#This Row],[DESCRIPTION]])),"Monolitos","Varios"))))) -> Cerrados IUP | Q64: =IF(ISNA(MATCH(PL[[#This Row],[ITEM ID]],Externos!$A:$A,0)),"",IF(PL[[#This Row],[DETECTOR_ROLE]]="Sustainability Manager","SOCIAL",IF(INDEX(Externos!$D:$D,MATCH(PL[[#This Row],[ITEM ID]],Externos!$A:$A,0))="TRINA",IF(PL[[#This Row],[DETECTOR_ROLE]]="O&M","Trina O&M",IF(PL[[#This Row],[DETECTOR_ROLE]]="Commissioning Manager","Trina Commissioning","Trina Electric")),"O&M")))
A65: PHL-39081 | B65: Cables | C65: 5 | D65: SC20 | E65: Caja de empalme del CTO9 del SC20 en el cruce de promigas PR5 costado Sur | F65: Pendiente instalacion de canal en U para division de tapas | G65: Civil Specialist | J65: CL | K65: CERRADO | L65: 46300 | N65: =IF(ISNUMBER(PL[[#This Row],[CTO]]),"CTO "&PL[[#This Row],[CTO]],"Otros") -> CTO 5 | O65: =IF(PL[[#This Row],[STATUS IUP]]="CERRADO","CERRADO",IF(ISNUMBER(SEARCH("validacion de enel",PL[[#This Row],[SUPPLIER NOTES]])),"PTE Validar Enel","ABIERTO")) -> CERRADO | P65: =IF(PL[[#This Row],[ESTADO]]="CERRADO","Cerrados IUP",IF(PL[[#This Row],[ESTADO]]="PTE Validar Enel","Pendiente cierre ENEL",IF(ISNUMBER(SEARCH("suministro",PL[[#This Row],[SUPPLIER NOTES]])),"Suministros",IF(PL[[#This Row],[SC]]="SOCIAL","Social",IF(ISNUMBER(SEARCH("monolito",PL[[#This Row],[DESCRIPTION]])),"Monolitos","Varios"))))) -> Cerrados IUP | Q65: =IF(ISNA(MATCH(PL[[#This Row],[ITEM ID]],Externos!$A:$A,0)),"",IF(PL[[#This Row],[DETECTOR_ROLE]]="Sustainability Manager","SOCIAL",IF(INDEX(Externos!$D:$D,MATCH(PL[[#This Row],[ITEM ID]],Externos!$A:$A,0))="TRINA",IF(PL[[#This Row],[DETECTOR_ROLE]]="O&M","Trina O&M",IF(PL[[#This Row],[DETECTOR_ROLE]]="Commissioning Manager","Trina Commissioning","Trina Electric")),"O&M")))
A66: PHL-39066 | B66: Cables | C66: 5 | D66: SC20 | E66: Caja de paso de MT de los circuitos 8-9-10 del SC20 (cruce PR5) | F66: Sellado ductos material impermeabilizante | G66: Electrical Specialist | J66: CL | K66: CERRADO | N66: =IF(ISNUMBER(PL[[#This Row],[CTO]]),"CTO "&PL[[#This Row],[CTO]],"Otros") -> CTO 5 | O66: =IF(PL[[#This Row],[STATUS IUP]]="CERRADO","CERRADO",IF(ISNUMBER(SEARCH("validacion de enel",PL[[#This Row],[SUPPLIER NOTES]])),"PTE Validar Enel","ABIERTO")) -> CERRADO | P66: =IF(PL[[#This Row],[ESTADO]]="CERRADO","Cerrados IUP",IF(PL[[#This Row],[ESTADO]]="PTE Validar Enel","Pendiente cierre ENEL",IF(ISNUMBER(SEARCH("suministro",PL[[#This Row],[SUPPLIER NOTES]])),"Suministros",IF(PL[[#This Row],[SC]]="SOCIAL","Social",IF(ISNUMBER(SEARCH("monolito",PL[[#This Row],[DESCRIPTION]])),"Monolitos","Varios"))))) -> Cerrados IUP | Q66: =IF(ISNA(MATCH(PL[[#This Row],[ITEM ID]],Externos!$A:$A,0)),"",IF(PL[[#This Row],[DETECTOR_ROLE]]="Sustainability Manager","SOCIAL",IF(INDEX(Externos!$D:$D,MATCH(PL[[#This Row],[ITEM ID]],Externos!$A:$A,0))="TRINA",IF(PL[[#This Row],[DETECTOR_ROLE]]="O&M","Trina O&M",IF(PL[[#This Row],[DETECTOR_ROLE]]="Commissioning Manager","Trina Commissioning","Trina Electric")),"O&M")))
A67: PHL-39067 | B67: Cables | C67: 5 | D67: SC20 | E67: Caja de paso de MT de los circuitos 8-9-10 del SC20 (cruce PR5) | F67: Limpieza de cables MT | G67: Electrical Specialist | J67: CL | K67: CERRADO | N67: =IF(ISNUMBER(PL[[#This Row],[CTO]]),"CTO "&PL[[#This Row],[CTO]],"Otros") -> CTO 5 | O67: =IF(PL[[#This Row],[STATUS IUP]]="CERRADO","CERRADO",IF(ISNUMBER(SEARCH("validacion de enel",PL[[#This Row],[SUPPLIER NOTES]])),"PTE Validar Enel","ABIERTO")) -> CERRADO | P67: =IF(PL[[#This Row],[ESTADO]]="CERRADO","Cerrados IUP",IF(PL[[#This Row],[ESTADO]]="PTE Validar Enel","Pendiente cierre ENEL",IF(ISNUMBER(SEARCH("suministro",PL[[#This Row],[SUPPLIER NOTES]])),"Suministros",IF(PL[[#This Row],[SC]]="SOCIAL","Social",IF(ISNUMBER(SEARCH("monolito",PL[[#This Row],[DESCRIPTION]])),"Monolitos","Varios"))))) -> Cerrados IUP | Q67: =IF(ISNA(MATCH(PL[[#This Row],[ITEM ID]],Externos!$A:$A,0)),"",IF(PL[[#This Row],[DETECTOR_ROLE]]="Sustainability Manager","SOCIAL",IF(INDEX(Externos!$D:$D,MATCH(PL[[#This Row],[ITEM ID]],Externos!$A:$A,0))="TRINA",IF(PL[[#This Row],[DETECTOR_ROLE]]="O&M","Trina O&M",IF(PL[[#This Row],[DETECTOR_ROLE]]="Commissioning Manager","Trina Commissioning","Trina Electric")),"O&M")))
A68: PHL-39068 | B68: Cables | C68: 5 | D68: SC20 | E68: Caja de paso de MT de los circuitos 8-9-10 del SC20 (cruce PR5) | F68: Aterrizar tapas de cajas | G68: Electrical Specialist | J68: CL | K68: CERRADO | N68: =IF(ISNUMBER(PL[[#This Row],[CTO]]),"CTO "&PL[[#This Row],[CTO]],"Otros") -> CTO 5 | O68: =IF(PL[[#This Row],[STATUS IUP]]="CERRADO","CERRADO",IF(ISNUMBER(SEARCH("validacion de enel",PL[[#This Row],[SUPPLIER NOTES]])),"PTE Validar Enel","ABIERTO")) -> CERRADO | P68: =IF(PL[[#This Row],[ESTADO]]="CERRADO","Cerrados IUP",IF(PL[[#This Row],[ESTADO]]="PTE Validar Enel","Pendiente cierre ENEL",IF(ISNUMBER(SEARCH("suministro",PL[[#This Row],[SUPPLIER NOTES]])),"Suministros",IF(PL[[#This Row],[SC]]="SOCIAL","Social",IF(ISNUMBER(SEARCH("monolito",PL[[#This Row],[DESCRIPTION]])),"Monolitos","Varios"))))) -> Cerrados IUP | Q68: =IF(ISNA(MATCH(PL[[#This Row],[ITEM ID]],Externos!$A:$A,0)),"",IF(PL[[#This Row],[DETECTOR_ROLE]]="Sustainability Manager","SOCIAL",IF(INDEX(Externos!$D:$D,MATCH(PL[[#This Row],[ITEM ID]],Externos!$A:$A,0))="TRINA",IF(PL[[#This Row],[DETECTOR_ROLE]]="O&M","Trina O&M",IF(PL[[#This Row],[DETECTOR_ROLE]]="Commissioning Manager","Trina Commissioning","Trina Electric")),"O&M")))
A69: PHL-39070 | B69: Cables | C69: 5 | D69: SC20 | E69: Caja de paso de MT de los circuitos 8-9-10 del SC20 (cruce PR5) | F69: Reconformacion de terreno alrededor de la caja | G69: Electrical Specialist | J69: CL | K69: CERRADO | N69: =IF(ISNUMBER(PL[[#This Row],[CTO]]),"CTO "&PL[[#This Row],[CTO]],"Otros") -> CTO 5 | O69: =IF(PL[[#This Row],[STATUS IUP]]="CERRADO","CERRADO",IF(ISNUMBER(SEARCH("validacion de enel",PL[[#This Row],[SUPPLIER NOTES]])),"PTE Validar Enel","ABIERTO")) -> CERRADO | P69: =IF(PL[[#This Row],[ESTADO]]="CERRADO","Cerrados IUP",IF(PL[[#This Row],[ESTADO]]="PTE Validar Enel","Pendiente cierre ENEL",IF(ISNUMBER(SEARCH("suministro",PL[[#This Row],[SUPPLIER NOTES]])),"Suministros",IF(PL[[#This Row],[SC]]="SOCIAL","Social",IF(ISNUMBER(SEARCH("monolito",PL[[#This Row],[DESCRIPTION]])),"Monolitos","Varios"))))) -> Cerrados IUP | Q69: =IF(ISNA(MATCH(PL[[#This Row],[ITEM ID]],Externos!$A:$A,0)),"",IF(PL[[#This Row],[DETECTOR_ROLE]]="Sustainability Manager","SOCIAL",IF(INDEX(Externos!$D:$D,MATCH(PL[[#This Row],[ITEM ID]],Externos!$A:$A,0))="TRINA",IF(PL[[#This Row],[DETECTOR_ROLE]]="O&M","Trina O&M",IF(PL[[#This Row],[DETECTOR_ROLE]]="Commissioning Manager","Trina Commissioning","Trina Electric")),"O&M")))
A70: PHL-39071 | B70: Cables | C70: 5 | D70: SC20 | E70: Caja de paso de MT de los circuitos 8-9-10 del SC20 (cruce PR5) | F70: Instalacion de tag y señalizacion RETIE | G70: Civil Specialist | J70: CL | K70: CERRADO | N70: =IF(ISNUMBER(PL[[#This Row],[CTO]]),"CTO "&PL[[#This Row],[CTO]],"Otros") -> CTO 5 | O70: =IF(PL[[#This Row],[STATUS IUP]]="CERRADO","CERRADO",IF(ISNUMBER(SEARCH("validacion de enel",PL[[#This Row],[SUPPLIER NOTES]])),"PTE Validar Enel","ABIERTO")) -> CERRADO | P70: =IF(PL[[#This Row],[ESTADO]]="CERRADO","Cerrados IUP",IF(PL[[#This Row],[ESTADO]]="PTE Validar Enel","Pendiente cierre ENEL",IF(ISNUMBER(SEARCH("suministro",PL[[#This Row],[SUPPLIER NOTES]])),"Suministros",IF(PL[[#This Row],[SC]]="SOCIAL","Social",IF(ISNUMBER(SEARCH("monolito",PL[[#This Row],[DESCRIPTION]])),"Monolitos","Varios"))))) -> Cerrados IUP | Q70: =IF(ISNA(MATCH(PL[[#This Row],[ITEM ID]],Externos!$A:$A,0)),"",IF(PL[[#This Row],[DETECTOR_ROLE]]="Sustainability Manager","SOCIAL",IF(INDEX(Externos!$D:$D,MATCH(PL[[#This Row],[ITEM ID]],Externos!$A:$A,0))="TRINA",IF(PL[[#This Row],[DETECTOR_ROLE]]="O&M","Trina O&M",IF(PL[[#This Row],[DETECTOR_ROLE]]="Commissioning Manager","Trina Commissioning","Trina Electric")),"O&M")))
A71: PHL-39072 | B71: Cables | C71: 5 | D71: SC20 | E71: Caja de paso de MT de los circuitos 8-9-10 del SC20 (cruce PR5) | F71: Retoque de pintura en tapas metalicas | G71: Project HSE&Q support | J71: CL | K71: CERRADO | N71: =IF(ISNUMBER(PL[[#This Row],[CTO]]),"CTO "&PL[[#This Row],[CTO]],"Otros") -> CTO 5 | O71: =IF(PL[[#This Row],[STATUS IUP]]="CERRADO","CERRADO",IF(ISNUMBER(SEARCH("validacion de enel",PL[[#This Row],[SUPPLIER NOTES]])),"PTE Validar Enel","ABIERTO")) -> CERRADO | P71: =IF(PL[[#This Row],[ESTADO]]="CERRADO","Cerrados IUP",IF(PL[[#This Row],[ESTADO]]="PTE Validar Enel","Pendiente cierre ENEL",IF(ISNUMBER(SEARCH("suministro",PL[[#This Row],[SUPPLIER NOTES]])),"Suministros",IF(PL[[#This Row],[SC]]="SOCIAL","Social",IF(ISNUMBER(SEARCH("monolito",PL[[#This Row],[DESCRIPTION]])),"Monolitos","Varios"))))) -> Cerrados IUP | Q71: =IF(ISNA(MATCH(PL[[#This Row],[ITEM ID]],Externos!$A:$A,0)),"",IF(PL[[#This Row],[DETECTOR_ROLE]]="Sustainability Manager","SOCIAL",IF(INDEX(Externos!$D:$D,MATCH(PL[[#This Row],[ITEM ID]],Externos!$A:$A,0))="TRINA",IF(PL[[#This Row],[DETECTOR_ROLE]]="O&M","Trina O&M",IF(PL[[#This Row],[DETECTOR_ROLE]]="Commissioning Manager","Trina Commissioning","Trina Electric")),"O&M")))
A72: PHL-39073 | B72: Cables | C72: 5 | D72: SC20 | E72: Caja de empalme del CTO9 del SC20 en el cruce de promigas PR5 costado Sur | F72: Sellado ductos material impermeabilizante | G72: Electrical Specialist | J72: CL | K72: CERRADO | N72: =IF(ISNUMBER(PL[[#This Row],[CTO]]),"CTO "&PL[[#This Row],[CTO]],"Otros") -> CTO 5 | O72: =IF(PL[[#This Row],[STATUS IUP]]="CERRADO","CERRADO",IF(ISNUMBER(SEARCH("validacion de enel",PL[[#This Row],[SUPPLIER NOTES]])),"PTE Validar Enel","ABIERTO")) -> CERRADO | P72: =IF(PL[[#This Row],[ESTADO]]="CERRADO","Cerrados IUP",IF(PL[[#This Row],[ESTADO]]="PTE Validar Enel","Pendiente cierre ENEL",IF(ISNUMBER(SEARCH("suministro",PL[[#This Row],[SUPPLIER NOTES]])),"Suministros",IF(PL[[#This Row],[SC]]="SOCIAL","Social",IF(ISNUMBER(SEARCH("monolito",PL[[#This Row],[DESCRIPTION]])),"Monolitos","Varios"))))) -> Cerrados IUP | Q72: =IF(ISNA(MATCH(PL[[#This Row],[ITEM ID]],Externos!$A:$A,0)),"",IF(PL[[#This Row],[DETECTOR_ROLE]]="Sustainability Manager","SOCIAL",IF(INDEX(Externos!$D:$D,MATCH(PL[[#This Row],[ITEM ID]],Externos!$A:$A,0))="TRINA",IF(PL[[#This Row],[DETECTOR_ROLE]]="O&M","Trina O&M",IF(PL[[#This Row],[DETECTOR_ROLE]]="Commissioning Manager","Trina Commissioning","Trina Electric")),"O&M")))
A73: PHL-39074 | B73: Cables | C73: 5 | D73: SC20 | E73: Caja de empalme del CTO9 del SC20 en el cruce de promigas PR5 costado Sur | F73: Limpieza de cables MT | G73: Electrical Specialist | J73: CL | K73: CERRADO | N73: =IF(ISNUMBER(PL[[#This Row],[CTO]]),"CTO "&PL[[#This Row],[CTO]],"Otros") -> CTO 5 | O73: =IF(PL[[#This Row],[STATUS IUP]]="CERRADO","CERRADO",IF(ISNUMBER(SEARCH("validacion de enel",PL[[#This Row],[SUPPLIER NOTES]])),"PTE Validar Enel","ABIERTO")) -> CERRADO | P73: =IF(PL[[#This Row],[ESTADO]]="CERRADO","Cerrados IUP",IF(PL[[#This Row],[ESTADO]]="PTE Validar Enel","Pendiente cierre ENEL",IF(ISNUMBER(SEARCH("suministro",PL[[#This Row],[SUPPLIER NOTES]])),"Suministros",IF(PL[[#This Row],[SC]]="SOCIAL","Social",IF(ISNUMBER(SEARCH("monolito",PL[[#This Row],[DESCRIPTION]])),"Monolitos","Varios"))))) -> Cerrados IUP | Q73: =IF(ISNA(MATCH(PL[[#This Row],[ITEM ID]],Externos!$A:$A,0)),"",IF(PL[[#This Row],[DETECTOR_ROLE]]="Sustainability Manager","SOCIAL",IF(INDEX(Externos!$D:$D,MATCH(PL[[#This Row],[ITEM ID]],Externos!$A:$A,0))="TRINA",IF(PL[[#This Row],[DETECTOR_ROLE]]="O&M","Trina O&M",IF(PL[[#This Row],[DETECTOR_ROLE]]="Commissioning Manager","Trina Commissioning","Trina Electric")),"O&M")))
A74: PHL-39075 | B74: Cables | C74: 5 | D74: SC20 | E74: Caja de empalme del CTO9 del SC20 en el cruce de promigas PR5 costado Sur | F74: Tapar zanja de MT del CTO09 que se cruza con la BT en el SC24. | G74: Electrical Specialist | J74: CL | K74: CERRADO | N74: =IF(ISNUMBER(PL[[#This Row],[CTO]]),"CTO "&PL[[#This Row],[CTO]],"Otros") -> CTO 5 | O74: =IF(PL[[#This Row],[STATUS IUP]]="CERRADO","CERRADO",IF(ISNUMBER(SEARCH("validacion de enel",PL[[#This Row],[SUPPLIER NOTES]])),"PTE Validar Enel","ABIERTO")) -> CERRADO | P74: =IF(PL[[#This Row],[ESTADO]]="CERRADO","Cerrados IUP",IF(PL[[#This Row],[ESTADO]]="PTE Validar Enel","Pendiente cierre ENEL",IF(ISNUMBER(SEARCH("suministro",PL[[#This Row],[SUPPLIER NOTES]])),"Suministros",IF(PL[[#This Row],[SC]]="SOCIAL","Social",IF(ISNUMBER(SEARCH("monolito",PL[[#This Row],[DESCRIPTION]])),"Monolitos","Varios"))))) -> Cerrados IUP | Q74: =IF(ISNA(MATCH(PL[[#This Row],[ITEM ID]],Externos!$A:$A,0)),"",IF(PL[[#This Row],[DETECTOR_ROLE]]="Sustainability Manager","SOCIAL",IF(INDEX(Externos!$D:$D,MATCH(PL[[#This Row],[ITEM ID]],Externos!$A:$A,0))="TRINA",IF(PL[[#This Row],[DETECTOR_ROLE]]="O&M","Trina O&M",IF(PL[[#This Row],[DETECTOR_ROLE]]="Commissioning Manager","Trina Commissioning","Trina Electric")),"O&M")))
A75: PHL-39076 | B75: Cables | C75: 5 | D75: SC20 | E75: Caja de empalme del CTO9 del SC20 en el cruce de promigas PR5 costado Sur | F75: Aterrizar tapas de cajas | G75: Electrical Specialist | J75: CL | K75: CERRADO | N75: =IF(ISNUMBER(PL[[#This Row],[CTO]]),"CTO "&PL[[#This Row],[CTO]],"Otros") -> CTO 5 | O75: =IF(PL[[#This Row],[STATUS IUP]]="CERRADO","CERRADO",IF(ISNUMBER(SEARCH("validacion de enel",PL[[#This Row],[SUPPLIER NOTES]])),"PTE Validar Enel","ABIERTO")) -> CERRADO | P75: =IF(PL[[#This Row],[ESTADO]]="CERRADO","Cerrados IUP",IF(PL[[#This Row],[ESTADO]]="PTE Validar Enel","Pendiente cierre ENEL",IF(ISNUMBER(SEARCH("suministro",PL[[#This Row],[SUPPLIER NOTES]])),"Suministros",IF(PL[[#This Row],[SC]]="SOCIAL","Social",IF(ISNUMBER(SEARCH("monolito",PL[[#This Row],[DESCRIPTION]])),"Monolitos","Varios"))))) -> Cerrados IUP | Q75: =IF(ISNA(MATCH(PL[[#This Row],[ITEM ID]],Externos!$A:$A,0)),"",IF(PL[[#This Row],[DETECTOR_ROLE]]="Sustainability Manager","SOCIAL",IF(INDEX(Externos!$D:$D,MATCH(PL[[#This Row],[ITEM ID]],Externos!$A:$A,0))="TRINA",IF(PL[[#This Row],[DETECTOR_ROLE]]="O&M","Trina O&M",IF(PL[[#This Row],[DETECTOR_ROLE]]="Commissioning Manager","Trina Commissioning","Trina Electric")),"O&M")))
A76: PHL-39078 | B76: Cables | C76: 5 | D76: SC20 | E76: Caja de empalme del CTO9 del SC20 en el cruce de promigas PR5 costado Sur | F76: Reconformacion de terreno alrededor de la caja | G76: Civil Specialist | J76: CL | K76: CERRADO | N76: =IF(ISNUMBER(PL[[#This Row],[CTO]]),"CTO "&PL[[#This Row],[CTO]],"Otros") -> CTO 5 | O76: =IF(PL[[#This Row],[STATUS IUP]]="CERRADO","CERRADO",IF(ISNUMBER(SEARCH("validacion de enel",PL[[#This Row],[SUPPLIER NOTES]])),"PTE Validar Enel","ABIERTO")) -> CERRADO | P76: =IF(PL[[#This Row],[ESTADO]]="CERRADO","Cerrados IUP",IF(PL[[#This Row],[ESTADO]]="PTE Validar Enel","Pendiente cierre ENEL",IF(ISNUMBER(SEARCH("suministro",PL[[#This Row],[SUPPLIER NOTES]])),"Suministros",IF(PL[[#This Row],[SC]]="SOCIAL","Social",IF(ISNUMBER(SEARCH("monolito",PL[[#This Row],[DESCRIPTION]])),"Monolitos","Varios"))))) -> Cerrados IUP | Q76: =IF(ISNA(MATCH(PL[[#This Row],[ITEM ID]],Externos!$A:$A,0)),"",IF(PL[[#This Row],[DETECTOR_ROLE]]="Sustainability Manager","SOCIAL",IF(INDEX(Externos!$D:$D,MATCH(PL[[#This Row],[ITEM ID]],Externos!$A:$A,0))="TRINA",IF(PL[[#This Row],[DETECTOR_ROLE]]="O&M","Trina O&M",IF(PL[[#This Row],[DETECTOR_ROLE]]="Commissioning Manager","Trina Commissioning","Trina Electric")),"O&M")))
A77: PHL-39079 | B77: Cables | C77: 5 | D77: SC20 | E77: Caja de empalme del CTO9 del SC20 en el cruce de promigas PR5 costado Sur | F77: Instalacion de tag y señalizacion RETIE | G77: Project HSE&Q support | J77: CL | K77: CERRADO | N77: =IF(ISNUMBER(PL[[#This Row],[CTO]]),"CTO "&PL[[#This Row],[CTO]],"Otros") -> CTO 5 | O77: =IF(PL[[#This Row],[STATUS IUP]]="CERRADO","CERRADO",IF(ISNUMBER(SEARCH("validacion de enel",PL[[#This Row],[SUPPLIER NOTES]])),"PTE Validar Enel","ABIERTO")) -> CERRADO | P77: =IF(PL[[#This Row],[ESTADO]]="CERRADO","Cerrados IUP",IF(PL[[#This Row],[ESTADO]]="PTE Validar Enel","Pendiente cierre ENEL",IF(ISNUMBER(SEARCH("suministro",PL[[#This Row],[SUPPLIER NOTES]])),"Suministros",IF(PL[[#This Row],[SC]]="SOCIAL","Social",IF(ISNUMBER(SEARCH("monolito",PL[[#This Row],[DESCRIPTION]])),"Monolitos","Varios"))))) -> Cerrados IUP | Q77: =IF(ISNA(MATCH(PL[[#This Row],[ITEM ID]],Externos!$A:$A,0)),"",IF(PL[[#This Row],[DETECTOR_ROLE]]="Sustainability Manager","SOCIAL",IF(INDEX(Externos!$D:$D,MATCH(PL[[#This Row],[ITEM ID]],Externos!$A:$A,0))="TRINA",IF(PL[[#This Row],[DETECTOR_ROLE]]="O&M","Trina O&M",IF(PL[[#This Row],[DETECTOR_ROLE]]="Commissioning Manager","Trina Commissioning","Trina Electric")),"O&M")))
A78: PHL-40532 | B78: Others | C78: 5 | D78: SC20 | F78: Se requiere realizar la adecuación del terreno al rededor de bases de inversores (General) ID1_SC20 | G78: Civil Specialist | H78: Pendiente validacion de enel | J78: OP | K78: ABIERTO | N78: =IF(ISNUMBER(PL[[#This Row],[CTO]]),"CTO "&PL[[#This Row],[CTO]],"Otros") -> CTO 5 | O78: =IF(PL[[#This Row],[STATUS IUP]]="CERRADO","CERRADO",IF(ISNUMBER(SEARCH("validacion de enel",PL[[#This Row],[SUPPLIER NOTES]])),"PTE Validar Enel","ABIERTO")) -> PTE Validar Enel | P78: =IF(PL[[#This Row],[ESTADO]]="CERRADO","Cerrados IUP",IF(PL[[#This Row],[ESTADO]]="PTE Validar Enel","Pendiente cierre ENEL",IF(ISNUMBER(SEARCH("suministro",PL[[#This Row],[SUPPLIER NOTES]])),"Suministros",IF(PL[[#This Row],[SC]]="SOCIAL","Social",IF(ISNUMBER(SEARCH("monolito",PL[[#This Row],[DESCRIPTION]])),"Monolitos","Varios"))))) -> Pendiente cierre ENEL | Q78: =IF(ISNA(MATCH(PL[[#This Row],[ITEM ID]],Externos!$A:$A,0)),"",IF(PL[[#This Row],[DETECTOR_ROLE]]="Sustainability Manager","SOCIAL",IF(INDEX(Externos!$D:$D,MATCH(PL[[#This Row],[ITEM ID]],Externos!$A:$A,0))="TRINA",IF(PL[[#This Row],[DETECTOR_ROLE]]="O&M","Trina O&M",IF(PL[[#This Row],[DETECTOR_ROLE]]="Commissioning Manager","Trina Commissioning","Trina Electric")),"O&M")))
A79: PHL-40534 | B79: Others | C79: 5 | D79: SC20 | F79: Realizar el retiro de cartón en Marcos de paneles (General) ID3_SC20 | G79: Mechanical Discipline | H79: Pendiente validacion de enel | J79: OP | K79: ABIERTO | N79: =IF(ISNUMBER(PL[[#This Row],[CTO]]),"CTO "&PL[[#This Row],[CTO]],"Otros") -> CTO 5 | O79: =IF(PL[[#This Row],[STATUS IUP]]="CERRADO","CERRADO",IF(ISNUMBER(SEARCH("validacion de enel",PL[[#This Row],[SUPPLIER NOTES]])),"PTE Validar Enel","ABIERTO")) -> PTE Validar Enel | P79: =IF(PL[[#This Row],[ESTADO]]="CERRADO","Cerrados IUP",IF(PL[[#This Row],[ESTADO]]="PTE Validar Enel","Pendiente cierre ENEL",IF(ISNUMBER(SEARCH("suministro",PL[[#This Row],[SUPPLIER NOTES]])),"Suministros",IF(PL[[#This Row],[SC]]="SOCIAL","Social",IF(ISNUMBER(SEARCH("monolito",PL[[#This Row],[DESCRIPTION]])),"Monolitos","Varios"))))) -> Pendiente cierre ENEL | Q79: =IF(ISNA(MATCH(PL[[#This Row],[ITEM ID]],Externos!$A:$A,0)),"",IF(PL[[#This Row],[DETECTOR_ROLE]]="Sustainability Manager","SOCIAL",IF(INDEX(Externos!$D:$D,MATCH(PL[[#This Row],[ITEM ID]],Externos!$A:$A,0))="TRINA",IF(PL[[#This Row],[DETECTOR_ROLE]]="O&M","Trina O&M",IF(PL[[#This Row],[DETECTOR_ROLE]]="Commissioning Manager","Trina Commissioning","Trina Electric")),"O&M")))
A80: PHL-40535 | B80: Others | C80: 5 | D80: SC20 | F80: Realizar la Limpieza de actuadores (General) ID4_SC20 | G80: Mechanical Discipline | H80: Pendiente validacion de enel | J80: OP | K80: ABIERTO | N80: =IF(ISNUMBER(PL[[#This Row],[CTO]]),"CTO "&PL[[#This Row],[CTO]],"Otros") -> CTO 5 | O80: =IF(PL[[#This Row],[STATUS IUP]]="CERRADO","CERRADO",IF(ISNUMBER(SEARCH("validacion de enel",PL[[#This Row],[SUPPLIER NOTES]])),"PTE Validar Enel","ABIERTO")) -> PTE Validar Enel | P80: =IF(PL[[#This Row],[ESTADO]]="CERRADO","Cerrados IUP",IF(PL[[#This Row],[ESTADO]]="PTE Validar Enel","Pendiente cierre ENEL",IF(ISNUMBER(SEARCH("suministro",PL[[#This Row],[SUPPLIER NOTES]])),"Suministros",IF(PL[[#This Row],[SC]]="SOCIAL","Social",IF(ISNUMBER(SEARCH("monolito",PL[[#This Row],[DESCRIPTION]])),"Monolitos","Varios"))))) -> Pendiente cierre ENEL | Q80: =IF(ISNA(MATCH(PL[[#This Row],[ITEM ID]],Externos!$A:$A,0)),"",IF(PL[[#This Row],[DETECTOR_ROLE]]="Sustainability Manager","SOCIAL",IF(INDEX(Externos!$D:$D,MATCH(PL[[#This Row],[ITEM ID]],Externos!$A:$A,0))="TRINA",IF(PL[[#This Row],[DETECTOR_ROLE]]="O&M","Trina O&M",IF(PL[[#This Row],[DETECTOR_ROLE]]="Commissioning Manager","Trina Commissioning","Trina Electric")),"O&M")))
A81: PHL-40542 | B81: Others | C81: 5 | D81: SC20 | F81: Realizar peinado Cable Solar TR 045 ID15_SC20 | G81: Electrical Specialist | H81: Pendiente validacion de enel | J81: OP | K81: ABIERTO | N81: =IF(ISNUMBER(PL[[#This Row],[CTO]]),"CTO "&PL[[#This Row],[CTO]],"Otros") -> CTO 5 | O81: =IF(PL[[#This Row],[STATUS IUP]]="CERRADO","CERRADO",IF(ISNUMBER(SEARCH("validacion de enel",PL[[#This Row],[SUPPLIER NOTES]])),"PTE Validar Enel","ABIERTO")) -> PTE Validar Enel | P81: =IF(PL[[#This Row],[ESTADO]]="CERRADO","Cerrados IUP",IF(PL[[#This Row],[ESTADO]]="PTE Validar Enel","Pendiente cierre ENEL",IF(ISNUMBER(SEARCH("suministro",PL[[#This Row],[SUPPLIER NOTES]])),"Suministros",IF(PL[[#This Row],[SC]]="SOCIAL","Social",IF(ISNUMBER(SEARCH("monolito",PL[[#This Row],[DESCRIPTION]])),"Monolitos","Varios"))))) -> Pendiente cierre ENEL | Q81: =IF(ISNA(MATCH(PL[[#This Row],[ITEM ID]],Externos!$A:$A,0)),"",IF(PL[[#This Row],[DETECTOR_ROLE]]="Sustainability Manager","SOCIAL",IF(INDEX(Externos!$D:$D,MATCH(PL[[#This Row],[ITEM ID]],Externos!$A:$A,0))="TRINA",IF(PL[[#This Row],[DETECTOR_ROLE]]="O&M","Trina O&M",IF(PL[[#This Row],[DETECTOR_ROLE]]="Commissioning Manager","Trina Commissioning","Trina Electric")),"O&M")))
A82: PHL-39069 | B82: Cables | C82: 5 | D82: SC20 | E82: Caja de paso de MT de los circuitos 8-9-10 del SC20 (cruce PR5) | F82: Instalacion de monolitos | G82: Electrical Specialist | H82: No aplica no esta en la ingenieria aprobada | J82: OP | K82: ABIERTO | N82: =IF(ISNUMBER(PL[[#This Row],[CTO]]),"CTO "&PL[[#This Row],[CTO]],"Otros") -> CTO 5 | O82: =IF(PL[[#This Row],[STATUS IUP]]="CERRADO","CERRADO",IF(ISNUMBER(SEARCH("validacion de enel",PL[[#This Row],[SUPPLIER NOTES]])),"PTE Validar Enel","ABIERTO")) -> ABIERTO | P82: =IF(PL[[#This Row],[ESTADO]]="CERRADO","Cerrados IUP",IF(PL[[#This Row],[ESTADO]]="PTE Validar Enel","Pendiente cierre ENEL",IF(ISNUMBER(SEARCH("suministro",PL[[#This Row],[SUPPLIER NOTES]])),"Suministros",IF(PL[[#This Row],[SC]]="SOCIAL","Social",IF(ISNUMBER(SEARCH("monolito",PL[[#This Row],[DESCRIPTION]])),"Monolitos","Varios"))))) -> Monolitos | Q82: =IF(ISNA(MATCH(PL[[#This Row],[ITEM ID]],Externos!$A:$A,0)),"",IF(PL[[#This Row],[DETECTOR_ROLE]]="Sustainability Manager","SOCIAL",IF(INDEX(Externos!$D:$D,MATCH(PL[[#This Row],[ITEM ID]],Externos!$A:$A,0))="TRINA",IF(PL[[#This Row],[DETECTOR_ROLE]]="O&M","Trina O&M",IF(PL[[#This Row],[DETECTOR_ROLE]]="Commissioning Manager","Trina Commissioning","Trina Electric")),"O&M")))
A83: PHL-39077 | B83: Cables | C83: 5 | D83: SC20 | E83: Caja de empalme del CTO9 del SC20 en el cruce de promigas PR5 costado Sur | F83: Instalacion de monolitos | G83: Electrical Specialist | H83: No aplica no esta en la ingenieria aprobada | J83: OP | K83: ABIERTO | N83: =IF(ISNUMBER(PL[[#This Row],[CTO]]),"CTO "&PL[[#This Row],[CTO]],"Otros") -> CTO 5 | O83: =IF(PL[[#This Row],[STATUS IUP]]="CERRADO","CERRADO",IF(ISNUMBER(SEARCH("validacion de enel",PL[[#This Row],[SUPPLIER NOTES]])),"PTE Validar Enel","ABIERTO")) -> ABIERTO | P83: =IF(PL[[#This Row],[ESTADO]]="CERRADO","Cerrados IUP",IF(PL[[#This Row],[ESTADO]]="PTE Validar Enel","Pendiente cierre ENEL",IF(ISNUMBER(SEARCH("suministro",PL[[#This Row],[SUPPLIER NOTES]])),"Suministros",IF(PL[[#This Row],[SC]]="SOCIAL","Social",IF(ISNUMBER(SEARCH("monolito",PL[[#This Row],[DESCRIPTION]])),"Monolitos","Varios"))))) -> Monolitos | Q83: =IF(ISNA(MATCH(PL[[#This Row],[ITEM ID]],Externos!$A:$A,0)),"",IF(PL[[#This Row],[DETECTOR_ROLE]]="Sustainability Manager","SOCIAL",IF(INDEX(Externos!$D:$D,MATCH(PL[[#This Row],[ITEM ID]],Externos!$A:$A,0))="TRINA",IF(PL[[#This Row],[DETECTOR_ROLE]]="O&M","Trina O&M",IF(PL[[#This Row],[DETECTOR_ROLE]]="Commissioning Manager","Trina Commissioning","Trina Electric")),"O&M")))
A84: PHL-40533 | B84: Others | C84: 5 | D84: SC20 | F84: Realizar la liberación del Torque en salida BT Inversores (General) ID2_SC20 | G84: Electrical Specialist | J84: CL | K84: CERRADO | N84: =IF(ISNUMBER(PL[[#This Row],[CTO]]),"CTO "&PL[[#This Row],[CTO]],"Otros") -> CTO 5 | O84: =IF(PL[[#This Row],[STATUS IUP]]="CERRADO","CERRADO",IF(ISNUMBER(SEARCH("validacion de enel",PL[[#This Row],[SUPPLIER NOTES]])),"PTE Validar Enel","ABIERTO")) -> CERRADO | P84: =IF(PL[[#This Row],[ESTADO]]="CERRADO","Cerrados IUP",IF(PL[[#This Row],[ESTADO]]="PTE Validar Enel","Pendiente cierre ENEL",IF(ISNUMBER(SEARCH("suministro",PL[[#This Row],[SUPPLIER NOTES]])),"Suministros",IF(PL[[#This Row],[SC]]="SOCIAL","Social",IF(ISNUMBER(SEARCH("monolito",PL[[#This Row],[DESCRIPTION]])),"Monolitos","Varios"))))) -> Cerrados IUP | Q84: =IF(ISNA(MATCH(PL[[#This Row],[ITEM ID]],Externos!$A:$A,0)),"",IF(PL[[#This Row],[DETECTOR_ROLE]]="Sustainability Manager","SOCIAL",IF(INDEX(Externos!$D:$D,MATCH(PL[[#This Row],[ITEM ID]],Externos!$A:$A,0))="TRINA",IF(PL[[#This Row],[DETECTOR_ROLE]]="O&M","Trina O&M",IF(PL[[#This Row],[DETECTOR_ROLE]]="Commissioning Manager","Trina Commissioning","Trina Electric")),"O&M")))
A85: PHL-40536 | B85: Others | C85: 5 | D85: SC20 | F85: Retiro de madera en salto de rana en cabezotes de tracker donde existe el paso de tubos HDPE con solar MQR 061 ID7_SC20 | G85: Electrical Specialist | J85: CL | K85: CERRADO | N85: =IF(ISNUMBER(PL[[#This Row],[CTO]]),"CTO "&PL[[#This Row],[CTO]],"Otros") -> CTO 5 | O85: =IF(PL[[#This Row],[STATUS IUP]]="CERRADO","CERRADO",IF(ISNUMBER(SEARCH("validacion de enel",PL[[#This Row],[SUPPLIER NOTES]])),"PTE Validar Enel","ABIERTO")) -> CERRADO | P85: =IF(PL[[#This Row],[ESTADO]]="CERRADO","Cerrados IUP",IF(PL[[#This Row],[ESTADO]]="PTE Validar Enel","Pendiente cierre ENEL",IF(ISNUMBER(SEARCH("suministro",PL[[#This Row],[SUPPLIER NOTES]])),"Suministros",IF(PL[[#This Row],[SC]]="SOCIAL","Social",IF(ISNUMBER(SEARCH("monolito",PL[[#This Row],[DESCRIPTION]])),"Monolitos","Varios"))))) -> Cerrados IUP | Q85: =IF(ISNA(MATCH(PL[[#This Row],[ITEM ID]],Externos!$A:$A,0)),"",IF(PL[[#This Row],[DETECTOR_ROLE]]="Sustainability Manager","SOCIAL",IF(INDEX(Externos!$D:$D,MATCH(PL[[#This Row],[ITEM ID]],Externos!$A:$A,0))="TRINA",IF(PL[[#This Row],[DETECTOR_ROLE]]="O&M","Trina O&M",IF(PL[[#This Row],[DETECTOR_ROLE]]="Commissioning Manager","Trina Commissioning","Trina Electric")),"O&M")))
A86: PHL-40537 | B86: Others | C86: 5 | D86: SC20 | F86: Limpieza de caja de paso BT lado norte inv. (6,1,2,3,4 y 5.) ID9_SC20 | G86: Electrical Specialist | J86: CL | K86: CERRADO | N86: =IF(ISNUMBER(PL[[#This Row],[CTO]]),"CTO "&PL[[#This Row],[CTO]],"Otros") -> CTO 5 | O86: =IF(PL[[#This Row],[STATUS IUP]]="CERRADO","CERRADO",IF(ISNUMBER(SEARCH("validacion de enel",PL[[#This Row],[SUPPLIER NOTES]])),"PTE Validar Enel","ABIERTO")) -> CERRADO | P86: =IF(PL[[#This Row],[ESTADO]]="CERRADO","Cerrados IUP",IF(PL[[#This Row],[ESTADO]]="PTE Validar Enel","Pendiente cierre ENEL",IF(ISNUMBER(SEARCH("suministro",PL[[#This Row],[SUPPLIER NOTES]])),"Suministros",IF(PL[[#This Row],[SC]]="SOCIAL","Social",IF(ISNUMBER(SEARCH("monolito",PL[[#This Row],[DESCRIPTION]])),"Monolitos","Varios"))))) -> Cerrados IUP | Q86: =IF(ISNA(MATCH(PL[[#This Row],[ITEM ID]],Externos!$A:$A,0)),"",IF(PL[[#This Row],[DETECTOR_ROLE]]="Sustainability Manager","SOCIAL",IF(INDEX(Externos!$D:$D,MATCH(PL[[#This Row],[ITEM ID]],Externos!$A:$A,0))="TRINA",IF(PL[[#This Row],[DETECTOR_ROLE]]="O&M","Trina O&M",IF(PL[[#This Row],[DETECTOR_ROLE]]="Commissioning Manager","Trina Commissioning","Trina Electric")),"O&M")))
A87: PHL-40538 | B87: Others | C87: 5 | D87: SC20 | F87: Recortar Excesos Poliuretano Ducto Salto Trackers (General) ID10_SC20 | G87: Electrical Specialist | J87: CL | K87: CERRADO | L87: 46293 | N87: =IF(ISNUMBER(PL[[#This Row],[CTO]]),"CTO "&PL[[#This Row],[CTO]],"Otros") -> CTO 5 | O87: =IF(PL[[#This Row],[STATUS IUP]]="CERRADO","CERRADO",IF(ISNUMBER(SEARCH("validacion de enel",PL[[#This Row],[SUPPLIER NOTES]])),"PTE Validar Enel","ABIERTO")) -> CERRADO | P87: =IF(PL[[#This Row],[ESTADO]]="CERRADO","Cerrados IUP",IF(PL[[#This Row],[ESTADO]]="PTE Validar Enel","Pendiente cierre ENEL",IF(ISNUMBER(SEARCH("suministro",PL[[#This Row],[SUPPLIER NOTES]])),"Suministros",IF(PL[[#This Row],[SC]]="SOCIAL","Social",IF(ISNUMBER(SEARCH("monolito",PL[[#This Row],[DESCRIPTION]])),"Monolitos","Varios"))))) -> Cerrados IUP | Q87: =IF(ISNA(MATCH(PL[[#This Row],[ITEM ID]],Externos!$A:$A,0)),"",IF(PL[[#This Row],[DETECTOR_ROLE]]="Sustainability Manager","SOCIAL",IF(INDEX(Externos!$D:$D,MATCH(PL[[#This Row],[ITEM ID]],Externos!$A:$A,0))="TRINA",IF(PL[[#This Row],[DETECTOR_ROLE]]="O&M","Trina O&M",IF(PL[[#This Row],[DETECTOR_ROLE]]="Commissioning Manager","Trina Commissioning","Trina Electric")),"O&M")))
A88: PHL-40539 | B88: Others | C88: 5 | D88: SC20 | F88: Realizar limpieza de String Inverter (General) ID11_SC20 | G88: Electrical Specialist | J88: CL | K88: CERRADO | L88: 46293 | N88: =IF(ISNUMBER(PL[[#This Row],[CTO]]),"CTO "&PL[[#This Row],[CTO]],"Otros") -> CTO 5 | O88: =IF(PL[[#This Row],[STATUS IUP]]="CERRADO","CERRADO",IF(ISNUMBER(SEARCH("validacion de enel",PL[[#This Row],[SUPPLIER NOTES]])),"PTE Validar Enel","ABIERTO")) -> CERRADO | P88: =IF(PL[[#This Row],[ESTADO]]="CERRADO","Cerrados IUP",IF(PL[[#This Row],[ESTADO]]="PTE Validar Enel","Pendiente cierre ENEL",IF(ISNUMBER(SEARCH("suministro",PL[[#This Row],[SUPPLIER NOTES]])),"Suministros",IF(PL[[#This Row],[SC]]="SOCIAL","Social",IF(ISNUMBER(SEARCH("monolito",PL[[#This Row],[DESCRIPTION]])),"Monolitos","Varios"))))) -> Cerrados IUP | Q88: =IF(ISNA(MATCH(PL[[#This Row],[ITEM ID]],Externos!$A:$A,0)),"",IF(PL[[#This Row],[DETECTOR_ROLE]]="Sustainability Manager","SOCIAL",IF(INDEX(Externos!$D:$D,MATCH(PL[[#This Row],[ITEM ID]],Externos!$A:$A,0))="TRINA",IF(PL[[#This Row],[DETECTOR_ROLE]]="O&M","Trina O&M",IF(PL[[#This Row],[DETECTOR_ROLE]]="Commissioning Manager","Trina Commissioning","Trina Electric")),"O&M")))
A89: PHL-40540 | B89: Others | C89: 5 | D89: SC20 | F89: Caja de paso de BT lado sur se debe realizar limpieza, Sellar ductería de reserva ( paso de inv7,8,9,10,11 y 12), adecuar el área perimetral y arreglar aterrizaje de tapa. ID13_SC20 | G89: Electrical Specialist | J89: CL | K89: CERRADO | N89: =IF(ISNUMBER(PL[[#This Row],[CTO]]),"CTO "&PL[[#This Row],[CTO]],"Otros") -> CTO 5 | O89: =IF(PL[[#This Row],[STATUS IUP]]="CERRADO","CERRADO",IF(ISNUMBER(SEARCH("validacion de enel",PL[[#This Row],[SUPPLIER NOTES]])),"PTE Validar Enel","ABIERTO")) -> CERRADO | P89: =IF(PL[[#This Row],[ESTADO]]="CERRADO","Cerrados IUP",IF(PL[[#This Row],[ESTADO]]="PTE Validar Enel","Pendiente cierre ENEL",IF(ISNUMBER(SEARCH("suministro",PL[[#This Row],[SUPPLIER NOTES]])),"Suministros",IF(PL[[#This Row],[SC]]="SOCIAL","Social",IF(ISNUMBER(SEARCH("monolito",PL[[#This Row],[DESCRIPTION]])),"Monolitos","Varios"))))) -> Cerrados IUP | Q89: =IF(ISNA(MATCH(PL[[#This Row],[ITEM ID]],Externos!$A:$A,0)),"",IF(PL[[#This Row],[DETECTOR_ROLE]]="Sustainability Manager","SOCIAL",IF(INDEX(Externos!$D:$D,MATCH(PL[[#This Row],[ITEM ID]],Externos!$A:$A,0))="TRINA",IF(PL[[#This Row],[DETECTOR_ROLE]]="O&M","Trina O&M",IF(PL[[#This Row],[DETECTOR_ROLE]]="Commissioning Manager","Trina Commissioning","Trina Electric")),"O&M")))
A90: PHL-40541 | B90: Others | C90: 5 | D90: SC20 | F90: Realizar el retiro de plásticos en ductos HDPE (General) ID14_SC20 | G90: O&M | J90: CL | K90: CERRADO | N90: =IF(ISNUMBER(PL[[#This Row],[CTO]]),"CTO "&PL[[#This Row],[CTO]],"Otros") -> CTO 5 | O90: =IF(PL[[#This Row],[STATUS IUP]]="CERRADO","CERRADO",IF(ISNUMBER(SEARCH("validacion de enel",PL[[#This Row],[SUPPLIER NOTES]])),"PTE Validar Enel","ABIERTO")) -> CERRADO | P90: =IF(PL[[#This Row],[ESTADO]]="CERRADO","Cerrados IUP",IF(PL[[#This Row],[ESTADO]]="PTE Validar Enel","Pendiente cierre ENEL",IF(ISNUMBER(SEARCH("suministro",PL[[#This Row],[SUPPLIER NOTES]])),"Suministros",IF(PL[[#This Row],[SC]]="SOCIAL","Social",IF(ISNUMBER(SEARCH("monolito",PL[[#This Row],[DESCRIPTION]])),"Monolitos","Varios"))))) -> Cerrados IUP | Q90: =IF(ISNA(MATCH(PL[[#This Row],[ITEM ID]],Externos!$A:$A,0)),"",IF(PL[[#This Row],[DETECTOR_ROLE]]="Sustainability Manager","SOCIAL",IF(INDEX(Externos!$D:$D,MATCH(PL[[#This Row],[ITEM ID]],Externos!$A:$A,0))="TRINA",IF(PL[[#This Row],[DETECTOR_ROLE]]="O&M","Trina O&M",IF(PL[[#This Row],[DETECTOR_ROLE]]="Commissioning Manager","Trina Commissioning","Trina Electric")),"O&M"))) -> O&M
A91: PHL-40545 | B91: Others | C91: 5 | D91: SC20 | F91: Realiza retiro de cintas de papel de tubo HDPE (General) ID19_SC20 | G91: O&M | J91: CL | K91: CERRADO | N91: =IF(ISNUMBER(PL[[#This Row],[CTO]]),"CTO "&PL[[#This Row],[CTO]],"Otros") -> CTO 5 | O91: =IF(PL[[#This Row],[STATUS IUP]]="CERRADO","CERRADO",IF(ISNUMBER(SEARCH("validacion de enel",PL[[#This Row],[SUPPLIER NOTES]])),"PTE Validar Enel","ABIERTO")) -> CERRADO | P91: =IF(PL[[#This Row],[ESTADO]]="CERRADO","Cerrados IUP",IF(PL[[#This Row],[ESTADO]]="PTE Validar Enel","Pendiente cierre ENEL",IF(ISNUMBER(SEARCH("suministro",PL[[#This Row],[SUPPLIER NOTES]])),"Suministros",IF(PL[[#This Row],[SC]]="SOCIAL","Social",IF(ISNUMBER(SEARCH("monolito",PL[[#This Row],[DESCRIPTION]])),"Monolitos","Varios"))))) -> Cerrados IUP | Q91: =IF(ISNA(MATCH(PL[[#This Row],[ITEM ID]],Externos!$A:$A,0)),"",IF(PL[[#This Row],[DETECTOR_ROLE]]="Sustainability Manager","SOCIAL",IF(INDEX(Externos!$D:$D,MATCH(PL[[#This Row],[ITEM ID]],Externos!$A:$A,0))="TRINA",IF(PL[[#This Row],[DETECTOR_ROLE]]="O&M","Trina O&M",IF(PL[[#This Row],[DETECTOR_ROLE]]="Commissioning Manager","Trina Commissioning","Trina Electric")),"O&M"))) -> O&M
A92: PHL-40546 | B92: Others | C92: 5 | D92: SC20 | F92: General: limpieza de bases de String Inverter ID20_SC20 | G92: O&M | J92: CL | K92: CERRADO | N92: =IF(ISNUMBER(PL[[#This Row],[CTO]]),"CTO "&PL[[#This Row],[CTO]],"Otros") -> CTO 5 | O92: =IF(PL[[#This Row],[STATUS IUP]]="CERRADO","CERRADO",IF(ISNUMBER(SEARCH("validacion de enel",PL[[#This Row],[SUPPLIER NOTES]])),"PTE Validar Enel","ABIERTO")) -> CERRADO | P92: =IF(PL[[#This Row],[ESTADO]]="CERRADO","Cerrados IUP",IF(PL[[#This Row],[ESTADO]]="PTE Validar Enel","Pendiente cierre ENEL",IF(ISNUMBER(SEARCH("suministro",PL[[#This Row],[SUPPLIER NOTES]])),"Suministros",IF(PL[[#This Row],[SC]]="SOCIAL","Social",IF(ISNUMBER(SEARCH("monolito",PL[[#This Row],[DESCRIPTION]])),"Monolitos","Varios"))))) -> Cerrados IUP | Q92: =IF(ISNA(MATCH(PL[[#This Row],[ITEM ID]],Externos!$A:$A,0)),"",IF(PL[[#This Row],[DETECTOR_ROLE]]="Sustainability Manager","SOCIAL",IF(INDEX(Externos!$D:$D,MATCH(PL[[#This Row],[ITEM ID]],Externos!$A:$A,0))="TRINA",IF(PL[[#This Row],[DETECTOR_ROLE]]="O&M","Trina O&M",IF(PL[[#This Row],[DETECTOR_ROLE]]="Commissioning Manager","Trina Commissioning","Trina Electric")),"O&M"))) -> O&M
A93: PHL-40547 | B93: Others | C93: 5 | D93: SC20 | F93: Pendiente instalar Tag de identificación de inversores (General) ID21_SC20 | G93: Electrical Specialist | J93: CL | K93: CERRADO | N93: =IF(ISNUMBER(PL[[#This Row],[CTO]]),"CTO "&PL[[#This Row],[CTO]],"Otros") -> CTO 5 | O93: =IF(PL[[#This Row],[STATUS IUP]]="CERRADO","CERRADO",IF(ISNUMBER(SEARCH("validacion de enel",PL[[#This Row],[SUPPLIER NOTES]])),"PTE Validar Enel","ABIERTO")) -> CERRADO | P93: =IF(PL[[#This Row],[ESTADO]]="CERRADO","Cerrados IUP",IF(PL[[#This Row],[ESTADO]]="PTE Validar Enel","Pendiente cierre ENEL",IF(ISNUMBER(SEARCH("suministro",PL[[#This Row],[SUPPLIER NOTES]])),"Suministros",IF(PL[[#This Row],[SC]]="SOCIAL","Social",IF(ISNUMBER(SEARCH("monolito",PL[[#This Row],[DESCRIPTION]])),"Monolitos","Varios"))))) -> Cerrados IUP | Q93: =IF(ISNA(MATCH(PL[[#This Row],[ITEM ID]],Externos!$A:$A,0)),"",IF(PL[[#This Row],[DETECTOR_ROLE]]="Sustainability Manager","SOCIAL",IF(INDEX(Externos!$D:$D,MATCH(PL[[#This Row],[ITEM ID]],Externos!$A:$A,0))="TRINA",IF(PL[[#This Row],[DETECTOR_ROLE]]="O&M","Trina O&M",IF(PL[[#This Row],[DETECTOR_ROLE]]="Commissioning Manager","Trina Commissioning","Trina Electric")),"O&M")))
A94: PHL-40548 | B94: Others | C94: 5 | D94: SC20 | F94: Limpieza cunetas en el perímetro del SC ID22_SC20 | G94: Civil Specialist | J94: CL | K94: CERRADO | N94: =IF(ISNUMBER(PL[[#This Row],[CTO]]),"CTO "&PL[[#This Row],[CTO]],"Otros") -> CTO 5 | O94: =IF(PL[[#This Row],[STATUS IUP]]="CERRADO","CERRADO",IF(ISNUMBER(SEARCH("validacion de enel",PL[[#This Row],[SUPPLIER NOTES]])),"PTE Validar Enel","ABIERTO")) -> CERRADO | P94: =IF(PL[[#This Row],[ESTADO]]="CERRADO","Cerrados IUP",IF(PL[[#This Row],[ESTADO]]="PTE Validar Enel","Pendiente cierre ENEL",IF(ISNUMBER(SEARCH("suministro",PL[[#This Row],[SUPPLIER NOTES]])),"Suministros",IF(PL[[#This Row],[SC]]="SOCIAL","Social",IF(ISNUMBER(SEARCH("monolito",PL[[#This Row],[DESCRIPTION]])),"Monolitos","Varios"))))) -> Cerrados IUP | Q94: =IF(ISNA(MATCH(PL[[#This Row],[ITEM ID]],Externos!$A:$A,0)),"",IF(PL[[#This Row],[DETECTOR_ROLE]]="Sustainability Manager","SOCIAL",IF(INDEX(Externos!$D:$D,MATCH(PL[[#This Row],[ITEM ID]],Externos!$A:$A,0))="TRINA",IF(PL[[#This Row],[DETECTOR_ROLE]]="O&M","Trina O&M",IF(PL[[#This Row],[DETECTOR_ROLE]]="Commissioning Manager","Trina Commissioning","Trina Electric")),"O&M")))
A95: PHL-40549 | B95: Others | C95: 5 | D95: SC20 | F95: Realizar limpieza de abrazaderas soporte casquilletes (General) ID23_SC20 | G95: O&M | J95: CL | K95: CERRADO | N95: =IF(ISNUMBER(PL[[#This Row],[CTO]]),"CTO "&PL[[#This Row],[CTO]],"Otros") -> CTO 5 | O95: =IF(PL[[#This Row],[STATUS IUP]]="CERRADO","CERRADO",IF(ISNUMBER(SEARCH("validacion de enel",PL[[#This Row],[SUPPLIER NOTES]])),"PTE Validar Enel","ABIERTO")) -> CERRADO | P95: =IF(PL[[#This Row],[ESTADO]]="CERRADO","Cerrados IUP",IF(PL[[#This Row],[ESTADO]]="PTE Validar Enel","Pendiente cierre ENEL",IF(ISNUMBER(SEARCH("suministro",PL[[#This Row],[SUPPLIER NOTES]])),"Suministros",IF(PL[[#This Row],[SC]]="SOCIAL","Social",IF(ISNUMBER(SEARCH("monolito",PL[[#This Row],[DESCRIPTION]])),"Monolitos","Varios"))))) -> Cerrados IUP | Q95: =IF(ISNA(MATCH(PL[[#This Row],[ITEM ID]],Externos!$A:$A,0)),"",IF(PL[[#This Row],[DETECTOR_ROLE]]="Sustainability Manager","SOCIAL",IF(INDEX(Externos!$D:$D,MATCH(PL[[#This Row],[ITEM ID]],Externos!$A:$A,0))="TRINA",IF(PL[[#This Row],[DETECTOR_ROLE]]="O&M","Trina O&M",IF(PL[[#This Row],[DETECTOR_ROLE]]="Commissioning Manager","Trina Commissioning","Trina Electric")),"O&M"))) -> O&M
A96: PHL-40550 | B96: Others | C96: 5 | D96: SC20 | F96: Realizar limpieza de cable solar, presencia de barro en cableado (General) ID24_SC20 | G96: O&M | H96: Pendiente validacion de enel | J96: OP | K96: ABIERTO | N96: =IF(ISNUMBER(PL[[#This Row],[CTO]]),"CTO "&PL[[#This Row],[CTO]],"Otros") -> CTO 5 | O96: =IF(PL[[#This Row],[STATUS IUP]]="CERRADO","CERRADO",IF(ISNUMBER(SEARCH("validacion de enel",PL[[#This Row],[SUPPLIER NOTES]])),"PTE Validar Enel","ABIERTO")) -> PTE Validar Enel | P96: =IF(PL[[#This Row],[ESTADO]]="CERRADO","Cerrados IUP",IF(PL[[#This Row],[ESTADO]]="PTE Validar Enel","Pendiente cierre ENEL",IF(ISNUMBER(SEARCH("suministro",PL[[#This Row],[SUPPLIER NOTES]])),"Suministros",IF(PL[[#This Row],[SC]]="SOCIAL","Social",IF(ISNUMBER(SEARCH("monolito",PL[[#This Row],[DESCRIPTION]])),"Monolitos","Varios"))))) -> Pendiente cierre ENEL | Q96: =IF(ISNA(MATCH(PL[[#This Row],[ITEM ID]],Externos!$A:$A,0)),"",IF(PL[[#This Row],[DETECTOR_ROLE]]="Sustainability Manager","SOCIAL",IF(INDEX(Externos!$D:$D,MATCH(PL[[#This Row],[ITEM ID]],Externos!$A:$A,0))="TRINA",IF(PL[[#This Row],[DETECTOR_ROLE]]="O&M","Trina O&M",IF(PL[[#This Row],[DETECTOR_ROLE]]="Commissioning Manager","Trina Commissioning","Trina Electric")),"O&M"))) -> O&M
A97: PHL-40551 | B97: Others | C97: 5 | D97: SC20 | F97: Realizar limpieza de cable, motor y estructura de actuador (General) ID25_SC20 | G97: O&M | H97: Pendiente validacion de enel | J97: OP | K97: ABIERTO | N97: =IF(ISNUMBER(PL[[#This Row],[CTO]]),"CTO "&PL[[#This Row],[CTO]],"Otros") -> CTO 5 | O97: =IF(PL[[#This Row],[STATUS IUP]]="CERRADO","CERRADO",IF(ISNUMBER(SEARCH("validacion de enel",PL[[#This Row],[SUPPLIER NOTES]])),"PTE Validar Enel","ABIERTO")) -> PTE Validar Enel | P97: =IF(PL[[#This Row],[ESTADO]]="CERRADO","Cerrados IUP",IF(PL[[#This Row],[ESTADO]]="PTE Validar Enel","Pendiente cierre ENEL",IF(ISNUMBER(SEARCH("suministro",PL[[#This Row],[SUPPLIER NOTES]])),"Suministros",IF(PL[[#This Row],[SC]]="SOCIAL","Social",IF(ISNUMBER(SEARCH("monolito",PL[[#This Row],[DESCRIPTION]])),"Monolitos","Varios"))))) -> Pendiente cierre ENEL | Q97: =IF(ISNA(MATCH(PL[[#This Row],[ITEM ID]],Externos!$A:$A,0)),"",IF(PL[[#This Row],[DETECTOR_ROLE]]="Sustainability Manager","SOCIAL",IF(INDEX(Externos!$D:$D,MATCH(PL[[#This Row],[ITEM ID]],Externos!$A:$A,0))="TRINA",IF(PL[[#This Row],[DETECTOR_ROLE]]="O&M","Trina O&M",IF(PL[[#This Row],[DETECTOR_ROLE]]="Commissioning Manager","Trina Commissioning","Trina Electric")),"O&M"))) -> O&M
A98: PHL-40552 | B98: Others | C98: 5 | D98: SC20 | F98: Aplicación de Espuma Poliuretano Ductos Saltos de Hincas (General) ID26_SC20 | G98: Electrical Specialist | J98: CL | K98: CERRADO | L98: 46293 | N98: =IF(ISNUMBER(PL[[#This Row],[CTO]]),"CTO "&PL[[#This Row],[CTO]],"Otros") -> CTO 5 | O98: =IF(PL[[#This Row],[STATUS IUP]]="CERRADO","CERRADO",IF(ISNUMBER(SEARCH("validacion de enel",PL[[#This Row],[SUPPLIER NOTES]])),"PTE Validar Enel","ABIERTO")) -> CERRADO | P98: =IF(PL[[#This Row],[ESTADO]]="CERRADO","Cerrados IUP",IF(PL[[#This Row],[ESTADO]]="PTE Validar Enel","Pendiente cierre ENEL",IF(ISNUMBER(SEARCH("suministro",PL[[#This Row],[SUPPLIER NOTES]])),"Suministros",IF(PL[[#This Row],[SC]]="SOCIAL","Social",IF(ISNUMBER(SEARCH("monolito",PL[[#This Row],[DESCRIPTION]])),"Monolitos","Varios"))))) -> Cerrados IUP | Q98: =IF(ISNA(MATCH(PL[[#This Row],[ITEM ID]],Externos!$A:$A,0)),"",IF(PL[[#This Row],[DETECTOR_ROLE]]="Sustainability Manager","SOCIAL",IF(INDEX(Externos!$D:$D,MATCH(PL[[#This Row],[ITEM ID]],Externos!$A:$A,0))="TRINA",IF(PL[[#This Row],[DETECTOR_ROLE]]="O&M","Trina O&M",IF(PL[[#This Row],[DETECTOR_ROLE]]="Commissioning Manager","Trina Commissioning","Trina Electric")),"O&M")))
A99: PHL-40553 | B99: Others | C99: 5 | D99: SC20 | F99: Realizar instalación de tapones pendientes en MC4 (General) ID28_SC20 | G99: O&M | J99: CL | K99: CERRADO | N99: =IF(ISNUMBER(PL[[#This Row],[CTO]]),"CTO "&PL[[#This Row],[CTO]],"Otros") -> CTO 5 | O99: =IF(PL[[#This Row],[STATUS IUP]]="CERRADO","CERRADO",IF(ISNUMBER(SEARCH("validacion de enel",PL[[#This Row],[SUPPLIER NOTES]])),"PTE Validar Enel","ABIERTO")) -> CERRADO | P99: =IF(PL[[#This Row],[ESTADO]]="CERRADO","Cerrados IUP",IF(PL[[#This Row],[ESTADO]]="PTE Validar Enel","Pendiente cierre ENEL",IF(ISNUMBER(SEARCH("suministro",PL[[#This Row],[SUPPLIER NOTES]])),"Suministros",IF(PL[[#This Row],[SC]]="SOCIAL","Social",IF(ISNUMBER(SEARCH("monolito",PL[[#This Row],[DESCRIPTION]])),"Monolitos","Varios"))))) -> Cerrados IUP | Q99: =IF(ISNA(MATCH(PL[[#This Row],[ITEM ID]],Externos!$A:$A,0)),"",IF(PL[[#This Row],[DETECTOR_ROLE]]="Sustainability Manager","SOCIAL",IF(INDEX(Externos!$D:$D,MATCH(PL[[#This Row],[ITEM ID]],Externos!$A:$A,0))="TRINA",IF(PL[[#This Row],[DETECTOR_ROLE]]="O&M","Trina O&M",IF(PL[[#This Row],[DETECTOR_ROLE]]="Commissioning Manager","Trina Commissioning","Trina Electric")),"O&M"))) -> O&M
A100: PHL-40554 | B100: Others | C100: 5 | D100: SC20 | F100: Retiro de material sobrante de excavación ID29_SC20 | G100: Civil Specialist | J100: CL | K100: CERRADO | N100: =IF(ISNUMBER(PL[[#This Row],[CTO]]),"CTO "&PL[[#This Row],[CTO]],"Otros") -> CTO 5 | O100: =IF(PL[[#This Row],[STATUS IUP]]="CERRADO","CERRADO",IF(ISNUMBER(SEARCH("validacion de enel",PL[[#This Row],[SUPPLIER NOTES]])),"PTE Validar Enel","ABIERTO")) -> CERRADO | P100: =IF(PL[[#This Row],[ESTADO]]="CERRADO","Cerrados IUP",IF(PL[[#This Row],[ESTADO]]="PTE Validar Enel","Pendiente cierre ENEL",IF(ISNUMBER(SEARCH("suministro",PL[[#This Row],[SUPPLIER NOTES]])),"Suministros",IF(PL[[#This Row],[SC]]="SOCIAL","Social",IF(ISNUMBER(SEARCH("monolito",PL[[#This Row],[DESCRIPTION]])),"Monolitos","Varios"))))) -> Cerrados IUP | Q100: =IF(ISNA(MATCH(PL[[#This Row],[ITEM ID]],Externos!$A:$A,0)),"",IF(PL[[#This Row],[DETECTOR_ROLE]]="Sustainability Manager","SOCIAL",IF(INDEX(Externos!$D:$D,MATCH(PL[[#This Row],[ITEM ID]],Externos!$A:$A,0))="TRINA",IF(PL[[#This Row],[DETECTOR_ROLE]]="O&M","Trina O&M",IF(PL[[#This Row],[DETECTOR_ROLE]]="Commissioning Manager","Trina Commissioning","Trina Electric")),"O&M")))
...

Sheet OTROS
A1: ITEM ID | B1: PART | C1: SC | D1: FUNCTIONAL_PART | E1: DESCRIPTION | F1: DETECTOR_ROLE | G1: SUPPLIER NOTES | H1: CLOSING NOTES | I1: STATUS ELECNOR | J1: STATUS IUP | K1: CLOSING DATE ENEL | L1: CLOSING DATE - ELECNOR
A2: PHL-40712 | B2: Others | C2: SOCIAL | E2: Reuniones de socialización de cierre de la etapa constructiva en Usiacurí y Sabanalarga, con autoridades locales, comunidades del AI, propietarios vecinos y propietarios de los predios donde se realiza la intervención.| en cumplimiento de: ANEXO W1 - OBLIGACIONES DE LICENCIA AMBIENTAL SOSTENIBILIDAD | F2: Sustainability Manager | I2: OP | J2: ABIERTO
A3: PHL-40713 | B3: Others | C3: SOCIAL | E3: Visita guiada de cierre con actores clave (autoridades y comunidad) para validar el área intervenida y confirmar el 100% de condiciones finales del proyecto.| en cumplimiento de: ANEXO W1 - OBLIGACIONES DE LICENCIA AMBIENTAL SOSTENIBILIDAD | F3: Sustainability Manager | I3: OP | J3: ABIERTO
A4: PHL-40714 | B4: Others | C4: SOCIAL | E4: Cierre del 100% de las PQRSDF (Actualmente se tienen 6 en total: 5 en gestión y 1 abierta). Sin embargo, se deben atender todas las que se generen en la posteridad hasta el cierre total del proyecto. | en cumplimiento de: ANEXO W1 - OBLIGACIONES DE LICENCIA AMBIENTAL SOSTENIBILIDAD | F4: Sustainability Manager | I4: OP | J4: ABIERTO
A5: PHL-40715 | B5: Others | C5: SOCIAL | E5: Ejecución de 1 recorrido final de verificación de infraestructura vial con autoridades y comunidad de Isabel López, levantando actas y garantizando la ejecución del 100% de las reparaciones atribuibles al proyecto en la vía Isabel López - Usiacurí. | en cumplimiento de: ANEXO W1 - OBLIGACIONES DE LICENCIA AMBIENTAL SOSTENIBILIDAD | F5: Sustainability Manager | I5: OP | J5: ABIERTO
A6: PHL-40716 | B6: Others | C6: SOCIAL | E6: Cierre de 217 actas de vecindad (207 viviendas aferentes a vía Isabel López - Usiacurí, 5 correspondientes a predios vecinos y 5 relacionadas con infraestructura comunitaria) asegurando documentación completa, legibilidad y entrega de copias a los titulares.| en cumplimiento de: ANEXO W1 - OBLIGACIONES DE LICENCIA AMBIENTAL SOSTENIBILIDAD | F6: Sustainability Manager | I6: OP | J6: ABIERTO
A7: PHL-40717 | B7: Others | C7: SOCIAL | E7: Gestionar el cierre del punto de atención a la comunidad, incluyendo la entrega de soportes finales de operación y la obtención del paz y salvo correspondiente (100%) que certifique la finalización adecuada del servicio.| en cumplimiento de: ANEXO W1 - OBLIGACIONES DE LICENCIA AMBIENTAL SOSTENIBILIDAD | F7: Sustainability Manager | I7: OP | J7: ABIERTO
A8: PHL-40718 | B8: Others | C8: SOCIAL | E8: Informe final de la implementación del PMT y cierre con autoridades competentes (esto incluye el retiro del 100% de los elementos de señalización y control de tránsito implementados durante el proyecto).| en cumplimiento de: ANEXO W1 - OBLIGACIONES DE LICENCIA AMBIENTAL SOSTENIBILIDAD | F8: Sustainability Manager | I8: OP | J8: ABIERTO
A9: PHL-40719 | B9: Others | C9: SOCIAL | E9: Entrega de 2 tanques de almacenamiento de agua a comunidad priorizada en el marco de la estrategia de sitio de construcción sostenible.| en cumplimiento de: ANEXO H y BoQ SOSTENIBILIDAD | F9: Sustainability Manager | I9: OP | J9: ABIERTO
A10: PHL-40720 | B10: Others | C10: SOCIAL | E10: Entrega 2 desfibriladores externos automáticos (DEA) y realizar la capacitación básica en primeros auxilios a los beneficiarios. | en cumplimiento de: ANEXO H y BoQ SOSTENIBILIDAD | F10: Sustainability Manager | I10: OP | J10: ABIERTO
A11: PHL-40721 | B11: Others | C11: SOCIAL | E11: Soportes de ejecución de las actividades de Sitio de Construcción Sostenible establecidas en BoQ y en propuesta aprobada. | en cumplimiento de: ANEXO H y BoQ SOSTENIBILIDAD | F11: Sustainability Manager | I11: OP | J11: ABIERTO
A12: PHL-40722 | B12: Others | C12: SOCIAL | E12: Entregar 1 dossier social final que incluya el 100% de soportes correspondientes. | en cumplimiento de: ANEXO H SOSTENIBILIDAD | F12: Sustainability Manager | I12: OP | J12: ABIERTO
A13: PHL-40723 | B13: Others | C13: SOCIAL | E13: Realizar reunión final de Comité de Empleo y Seguimiento, comunicando formalmente la finalización del 100% de las actividades constructivas y el cierre de la vinculación laboral asociada al proyecto.| en cumplimiento de: ANEXO H SOSTENIBILIDAD | F13: Sustainability Manager | I13: OP | J13: ABIERTO
... A16: PHL-40726 | B16: Others | C16: SOCIAL | E16: Paz y salvo por concepto de adquisición de todo tipo de servicios que se dieron en ocasión de su presencia y la de sus contratistas en el sector.| en cumplimiento de: ANEXO H SOSTENIBILIDAD | F16: Sustainability Manager | I16: OP | J16: ABIERTO
A17: PHL-40178 | B17: Others | C17: TRINA | E17: SI.33.01 Se evidencia vandalizado. Fueron cortadas todas las string de llegada al inversor. | F17: O&M | G17: se confirma cierre | H17: se confirma cierre | I17: CL | J17: CERRADO | K17: 2026-07-23 | L17: 2026-07-23
A18: PHL-40179 | B18: Others | C18: TRINA | E18: SI.33.02 vandalizado todas las strings de llegada al inversor están cortadas. | F18: O&M | G18: se confrima cierre | H18: se cofnirma cierre | I18: CL | J18: CERRADO | K18: 2026-07-23 | L18: 2026-07-23
A19: PHL-41023 | B19: Others | C19: TRINA | E19: evaluacion, aprobacion y entrega de Curvas I-V en 15 subcampos del parque zona norte | F19: Commissioning Manager | I19: OP | J19: ABIERTO
A20: PHL-41024 | B20: Others | C20: TRINA | E20: realizar y entregar informes de Termografías con dron en 15 subcampos del norte | F20: Commissioning Manager | I20: OP | J20: ABIERTO
A21: PHL-41025 | B21: Others | C21: TRINA | E21: Instalación Terminal Latiguillo SPT Antena NCU. Suc 32: | F21: Electrical Discipline | I21: OP | J21: ABIERTO
A22: PHL-41026 | B22: Others | C22: TRINA | E22: Conexionado, Toque y Testigo Terminal Latiguillo SPT Antena NCU. Suc 32: | F22: Electrical Discipline | I22: OP | J22: ABIERTO
A23: PHL-41029 | B23: Others | C23: TRINA | E23: - ⁠Torque y Testigo Conexión Latiguillo SPT Lado BT CT 30. | F23: Electrical Discipline | I23: OP | J23: ABIERTO
A24: PHL-41030 | B24: Others | C24: TRINA | E24: - Instalación Platina de Sujeción CT 30. | F24: Electrical Discipline | I24: OP | J24: ABIERTO
A25: PHL-41031 | B25: Others | C25: TRINA | E25: - ⁠Aplicación de Espuma Poliuretano y Multiseal Afloramiento Banco de Ductos Potencia y FO CT30. | F25: Electrical Discipline | I25: OP | J25: ABIERTO
A26: PHL-41032 | B26: Others | C26: TRINA | E26: PL Suc 29. - Instalación Platina de Sujeción CT e instalación Tornillos Platina de Sujeción CT 29. | F26: Electrical Discipline | I26: CL | J26: CERRADO | K26: 46293
A27: PHL-40189 | B27: PV Tracker system | C27: TRINA | E27: : SI 34.06 traker 082 string 09 panel averiado | F27: O&M | I27: OP | J27: ABIERTO
A28: PHL-40190 | B28: PV Tracker system | C28: TRINA | E28: SI 34.08 traker 080. string 12 panel averiado | F28: O&M | I28: OP | J28: ABIERTO
A29: PHL-40727 | B29: PV Tracker system | C29: TRINA | E29: pte correccion/instalacion comm: Antena Rota en SC: 20 ncu: 15 MA0520-MQR017 | F29: Commissioning Manager | I29: OP | J29: ABIERTO
A30: PHL-40728 | B30: PV Tracker system | C30: TRINA | E30: pte correccion/instalacion comm: Antena Rota en SC: 20 ncu: 15 MA0520-MQR049 | F30: Commissioning Manager | I30: OP | J30: ABIERTO
A31: PHL-40729 | B31: PV Tracker system | C31: TRINA | E31: pte correccion/instalacion comm: Obstaculos (Impide movimiento) en SC: 20 ncu: 15 MA0520-MQR058 | F31: Commissioning Manager | I31: OP | J31: ABIERTO
A32: PHL-40730 | B32: PV Tracker system | C32: TRINA | E32: pte correccion/instalacion comm: Obstaculos (Impide movimiento) en SC: 21 ncu: 17 MA0521-MQR001 | F32: Commissioning Manager | I32: OP | J32: ABIERTO
A33: PHL-40731 | B33: PV Tracker system | C33: TRINA | E33: pte correccion/instalacion comm: Obstaculos (Impide movimiento) en SC: 21 ncu: 17 MA0521-MQR002 | F33: Commissioning Manager | I33: OP | J33: ABIERTO
A34: PHL-40732 | B34: PV Tracker system | C34: TRINA | E34: pte correccion/instalacion comm: String erroneo en SC: 21 ncu: 17 MA0521-MQR063 | F34: Commissioning Manager | I34: OP | J34: ABIERTO
A35: PHL-40733 | B35: PV Tracker system | C35: TRINA | E35: pte correccion/instalacion comm: TCU Maestra en SC: 21 ncu: 17 MA0521-MQR070 | F35: Commissioning Manager | I35: OP | J35: ABIERTO
A36: PHL-40734 | B36: PV Tracker system | C36: TRINA | E36: pte correccion/instalacion comm: TCU Master primero revisar String erroneo en SC: 21 ncu: 17 MA0521-MQR081 | F36: Commissioning Manager | I36: OP | J36: ABIERTO
A37: PHL-40735 | B37: PV Tracker system | C37: TRINA | E37: pte correccion/instalacion comm: Actuador Eslava 8 en SC: 21 ncu: 17 MA0521-MQR083 | F37: Commissioning Manager | I37: OP | J37: ABIERTO
A38: PHL-40736 | B38: PV Tracker system | C38: TRINA | E38: pte correccion/instalacion comm: Obstaculos (Impide movimiento) en SC: 21 ncu: 17 MA0521-MQR114 | F38: Commissioning Manager | I38: OP | J38: ABIERTO
... A157: PHL-40869 | B157: LV/MV Transformation Cabin | C157: CAJAS | E157: Pendiente para todas las cabinas la señalización de advertencia de la energía incidente, arco eléctrico, categoría del epp a utilizar y distancia de seguridad. (general) en sc | F157: Site Manager | I157: OP | J157: ABIERTO
A158: PHL-39096 | B158: Cables | C158: CAJAS | D158: Caja de paso del costado norte de la OC5 de los CTOS 8-9-16 | E158: Retoque de pintura en tapas metalicas | F158: Civil Specialist | I158: OP | J158: ABIERTO
A159: PHL-39065 | B159: Cables | C159: CAJAS | D159: Caja de empalme continua a la ITS24 | E159: Retoque de pintura en tapas metalicas | F159: Civil Specialist | I159: OP | J159: ABIERTO
A160: PHL-39062 | B160: Cables | C160: CAJAS | D160: Caja de empalme continua a la ITS24 | E160: Instalacion de monolitos | F160: Electrical Specialist | I160: OP | J160: ABIERTO
A161: PHL-39518 | B161: Trenches and Cable Way | C161: CAJAS | D161: MT CTO10_(146)Caja de Empalme Sectioning Pit Cto 10 Lewis 6-7 | E161: limpieza general, orden y aseo alrededor de la caja | F161: Environmental Officer | I161: OP | J161: ABIERTO
A162: PHL-39519 | B162: Trenches and Cable Way | C162: CAJAS | D162: MT CTO10_(148)Caja de Empalme Sectioning Pit Cto 10 Lewis 6-7 | E162: Marcacion de tapas de caja de fibra | F162: Electrical Specialist | I162: OP | J162: ABIERTO
A163: PHL-39516 | B163: Trenches and Cable Way | C163: CAJAS | D163: MT CTO10_(143)Caja de Empalme Sectioning Pit Cto 10 Lewis 6-7 | E163: Instalación de monolito | F163: Electrical Specialist | I163: OP | J163: ABIERTO
A164: PHL-39511 | B164: Trenches and Cable Way | C164: CAJAS | D164: MT CTO10_(134)Caja de paso Promigas 5 costado norte | E164: orden y aseo | F164: Environmental Officer | I164: OP | J164: ABIERTO
A165: PHL-39506 | B165: Trenches and Cable Way | C165: CAJAS | D165: MT CTO10_ (123) -Cajas de paso OC1 costado norte y sur: | E165: Instalación TAG | F165: Electrical Specialist | I165: OP | J165: ABIERTO
A166: PHL-39061 | B166: Cables | C166: CAJAS | D166: Caja de empalme continua a la ITS24 | E166: Aterrizar tapas de cajas | F166: Electrical Specialist | I166: OP | J166: ABIERTO
A167: PHL-39083 | B167: Cables | C167: CAJAS | D167: caja de paso de la OC5 costado Sur de los CTOS 8-9-10 : | E167: Limpieza de cables MT | F167: Electrical Specialist | I167: OP | J167: ABIERTO
A168: PHL-39091 | B168: Cables | C168: CAJAS | D168: Caja de paso del costado norte de la OC5 de los CTOS 8-9-11 | E168: Limpieza de cables MT | F168: Electrical Specialist | I168: OP | J168: ABIERTO
A169: PHL-39090 | B169: Cables | C169: CAJAS | D169: Caja de paso del costado norte de la OC5 de los CTOS 8-9-10 | E169: Sellado ductos material impermeabilizante | F169: Electrical Specialist | I169: OP | J169: ABIERTO
... A173: PHL-39101 | B173: Cables | C173: CAJAS | D173: Caja de Empalme Sectioning Pit Cto 09 Lewis 6-11 | E173: Reconformacion de terreno alrededor de la caja | F173: Civil Specialist | I173: OP | J173: ABIERTO
A174: PHL-39517 | B174: Trenches and Cable Way | C174: CAJAS | D174: MT CTO10_(145)Caja de Empalme Sectioning Pit Cto 10 Lewis 6-7 | E174: Instalación TAG | F174: Electrical Specialist | I174: CL | J174: CERRADO | K174: 46293
A175: PHL-39507 | B175: Trenches and Cable Way | C175: CAJAS | D175: MT CTO10_ (126)Cajas de paso OC1 costado norte y sur: | E175: orden y aseo | F175: Environmental Officer | I175: OP | J175: ABIERTO
A176: PHL-39095 | B176: Cables | C176: CAJAS | D176: Caja de paso del costado norte de la OC5 de los CTOS 8-9-15 | E176: Instalacion de tag y señalizacion RETIE | F176: Safety and Environmental coordinator | I176: OP | J176: ABIERTO
A177: PHL-39093 | B177: Cables | C177: CAJAS | D177: Caja de paso del costado norte de la OC5 de los CTOS 8-9-13 | E177: Aterrizar tapas de cajas | F177: Electrical Specialist | I177: OP | J177: ABIERTO
A178: PHL-39064 | B178: Cables | C178: CAJAS | D178: Caja de empalme continua a la ITS24 | E178: Instalacion de tag y señalizacion RETIE | F178: Safety and Environmental coordinator | I178: OP | J178: ABIERTO
A179: PHL-39058 | B179: Cables | C179: CAJAS | D179: Caja de empalme continua a la ITS24 | E179: Sellado ductos material impermeabilizante | F179: Electrical Specialist | I179: OP | J179: ABIERTO
A180: PHL-39063 | B180: Cables | C180: CAJAS | D180: Caja de empalme continua a la ITS24 | E180: Reconformacion de terreno alrededor de la caja | F180: Civil Specialist | I180: OP | J180: ABIERTO
A181: PHL-39085 | B181: Cables | C181: CAJAS | D181: caja de paso de la OC5 costado Sur de los CTOS 8-9-10 : | E181: Aterrizar tapas de cajas | F181: Electrical Specialist | I181: OP | J181: ABIERTO
A182: PHL-39086 | B182: Cables | C182: CAJAS | D182: caja de paso de la OC5 costado Sur de los CTOS 8-9-10 : | E182: Instalacion de monolitos | F182: Electrical Specialist | I182: OP | J182: ABIERTO
A183: PHL-39089 | B183: Cables | C183: CAJAS | D183: caja de paso de la OC5 costado Sur de los CTOS 8-9-10 : | E183: Retoque de pintura en tapas metalicas | F183: Civil Specialist | I183: OP | J183: ABIERTO
A184: PHL-39094 | B184: Cables | C184: CAJAS | D184: Caja de paso del costado norte de la OC5 de los CTOS 8-9-14 | E184: Reconformacion de terreno alrededor de la caja | F184: Civil Specialist | I184: OP | J184: ABIERTO
A185: PHL-38986 | B185: Cables | C185: CAJAS | D185: Caja de Empalme Sectioning Pit Cto 09 Suc 22 | E185: Corte de azas y resane de caja | F185: Civil Specialist | I185: PF | J185: Resolved | L185: 2026-04-25
A186: PHL-39103 | B186: Cables | C186: CAJAS | D186: Caja de Empalme Sectioning Pit Cto 09 Lewis 6-13 | E186: Retoque de pintura en tapas metalicas | F186: Civil Specialist | I186: OP | J186: ABIERTO
A187: PHL-39097 | B187: Cables | C187: CAJAS | D187: Caja de Empalme Sectioning Pit Cto 09 Lewis 6-7 | E187: Sellado ductos material impermeabilizante | F187: Electrical Specialist | I187: OP | J187: ABIERTO
A188: PHL-39059 | B188: Cables | C188: CAJAS | D188: Caja de empalme continua a la ITS24 | E188: Limpieza de cables MT | F188: Electrical Specialist | I188: OP | J188: ABIERTO
A189: PHL-39100 | B189: Cables | C189: CAJAS | D189: Caja de Empalme Sectioning Pit Cto 09 Lewis 6-10 | E189: Aterrizar tapas de cajas | F189: Electrical Specialist | I189: OP | J189: ABIERTO
A190: PHL-39102 | B190: Cables | C190: CAJAS | D190: Caja de Empalme Sectioning Pit Cto 09 Lewis 6-12 | E190: Instalacion de tag y señalizacion RETIE | F190: Safety and Environmental coordinator | I190: OP | J190: ABIERTO
A191: PHL-39522 | B191: Trenches and Cable Way | C191: CAJAS | D191: MT CTO_(155)Caja de Empalme Sectioning Pit Cto 10 Lewis 6-7 -Norte | E191: Limpieza general | F191: Environmental Officer | I191: OP | J191: ABIERTO
A192: PHL-39510 | B192: Trenches and Cable Way | C192: CAJAS | D192: MT CTO10_(131)Caja empalme Promigas 5 costado sur: | E192: conformación de terreno | F192: Civil Specialist | I192: OP | J192: ABIERTO
A193: PHL-39508 | B193: Trenches and Cable Way | C193: CAJAS | D193: MT CTO10_(127)-Cajas de paso OC1 costado norte y sur: | E193: conformación de terreno | F193: Civil Specialist | I193: OP | J193: ABIERTO
A194: PHL-39520 | B194: Trenches and Cable Way | C194: CAJAS | D194: MT CTO10_(149)Caja de Empalme Sectioning Pit Cto 10 Lewis 6-7 | E194: ⁠conformación de Terreno Cajas de Fusión FO | F194: Civil Specialist | I194: OP | J194: ABIERTO
A195: PHL-39521 | B195: Trenches and Cable Way | C195: CAJAS | D195: MT CTO_(150)Caja de Empalme Sectioning Pit Cto 10 Lewis 6-7 | E195: conformación de terreno Cajas de Empalme Sectioning Pit | F195: Civil Specialist | I195: OP | J195: ABIERTO
A196: PHL-39523 | B196: Trenches and Cable Way | C196: CAJAS | D196: MT CTO10_(156)Caja de Empalme Sectioning Pit Cto 10 Lewis 6-7 -Norte | E196: Adecuación del terreno | F196: Civil Specialist | I196: OP | J196: ABIERTO
A197: PHL-38984 | B197: Cables | C197: CAJAS | D197: Caja de Empalme Sectioning Pit Cto 09 Suc 20 | E197: Instalacion de tag y señalizacion RETIE | F197: Safety and Environmental coordinator | I197: PF | J197: Resolved | L197: 2026-04-25
A198: PHL-38985 | B198: Cables | C198: CAJAS | D198: Caja de Empalme Sectioning Pit Cto 09 Suc 21 | E198: Retoque de pintura en tapas metalicas | F198: Civil Specialist | I198: PF | J198: Resolved | L198: 2026-04-25
A199: PHL-39087 | B199: Cables | C199: CAJAS | D199: caja de paso de la OC5 costado Sur de los CTOS 8-9-10 : | E199: Reconformacion de terreno alrededor de la caja | F199: Civil Specialist | I199: OP | J199: ABIERTO
A200: PHL-39790 | B200: LV/MV Cabin Others | C200: CAJAS | D200: CTO10_MT_123 | E200: Cajas de paso OC1 costado norte y sur: | Instalación TAG | F200: Site Manager | I200: OP | J200: ABIERTO
A201: PHL-39791 | B201: LV/MV Cabin Others | C201: CAJAS | D201: CTO10_MT_126 | E201: Cajas de paso OC1 costado norte y sur: | orden y aseo | F201: Site Manager | I201: OP | J201: ABIERTO
A202: PHL-39792 | B202: LV/MV Cabin Others | C202: CAJAS | D202: CTO10_MT_127 | E202: Cajas de paso OC1 costado norte y sur: | conformación de terreno | F202: Site Manager | I202: OP | J202: ABIERTO
A203: PHL-39794 | B203: LV/MV Cabin Others | C203: CAJAS | D203: CTO10_MT_131 | E203: Caja empalme Promigas 5 costado sur: | conformación de terreno | F203: Site Manager | I203: OP | J203: ABIERTO
A204: PHL-39795 | B204: LV/MV Cabin Others | C204: CAJAS | D204: CTO10_MT_134 | E204: Caja de paso Promigas 5 costado norte | orden y aseo | F204: Site Manager | I204: OP | J204: ABIERTO
A205: PHL-39800 | B205: LV/MV Cabin Others | C205: CAJAS | D205: CTO10_MT_143 | E205: Caja de Empalme Sectioning Pit Cto 10 Lewis 6-7 | Instalación de monolito | F205: Site Manager | I205: OP | J205: ABIERTO
A206: PHL-39801 | B206: LV/MV Cabin Others | C206: CAJAS | D206: CTO10_MT_145 | E206: Caja de Empalme Sectioning Pit Cto 10 Lewis 6-7 | Instalación TAG | F206: Site Manager | I206: OP | J206: ABIERTO
A207: PHL-39802 | B207: LV/MV Cabin Others | C207: CAJAS | D207: CTO10_MT_146 | E207: Caja de Empalme Sectioning Pit Cto 10 Lewis 6-7 | limpieza general, orden y aseo alrededor de la caja | F207: Site Manager | I207: OP | J207: ABIERTO
A208: PHL-39803 | B208: LV/MV Cabin Others | C208: CAJAS | D208: CTO10_MT_149 | E208: Caja de Empalme Sectioning Pit Cto 10 Lewis 6-7 | ⁠conformación de Terreno Cajas de Fusión FO | F208: Site Manager | I208: OP | J208: ABIERTO
A209: PHL-39804 | B209: LV/MV Cabin Others | C209: CAJAS | D209: CTO10_MT_150 | E209: Caja de Empalme Sectioning Pit Cto 10 Lewis 6-7 | conformación de terreno Cajas de Empalme Sectioning Pit | F209: Site Manager | I209: OP | J209: ABIERTO
A210: PHL-39805 | B210: LV/MV Cabin Others | C210: CAJAS | D210: CTO10_MT_155 | E210: Caja de Empalme Sectioning Pit Cto 10 Lewis 6-7 -Norte | Limpieza general | F210: Site Manager | I210: OP | J210: ABIERTO
A211: PHL-39806 | B211: LV/MV Cabin Others | C211: CAJAS | D211: CTO10_MT_156 | E211: Caja de Empalme Sectioning Pit Cto 10 Lewis 6-7 -Norte | Adecuación del terreno | F211: Site Manager | I211: OP | J211: ABIERTO
A212: PHL-38989 | B212: Fiber optic | C212: CAJAS | D212: Caja de Fusión FO Ctos (5-9) OC 10 | E212: Ubicación final de caja | F212: Electrical Specialist | I212: CL | J212: CERRADO | K212: 46293 | L212: 2026-04-25
A213: PHL-38988 | B213: Fiber optic | C213: CAJAS | D213: Caja de Fusión FO Ctos (5-9) OC 9 | E213: Tapado de huecos de ingreso a caja. (Poliuretano) | F213: Electrical Specialist | I213: CL | J213: CERRADO | K213: 46293 | L213: 2026-04-25

Sheet CTO 5
A1: ITEM ID | B1: PART | C1: SC | D1: FUNCTIONAL_PART | E1: DESCRIPTION | F1: DETECTOR_ROLE | G1: SUPPLIER NOTES | H1: CLOSING NOTES | I1: STATUS ELECNOR | J1: STATUS IUP | K1: CLOSING DATE ENEL | L1: CLOSING DATE - ELECNOR
A2: PHL-39066 | B2: Cables | C2: SC20 | D2: Caja de paso de MT de los circuitos 8-9-10 del SC20 (cruce PR5) | E2: Sellado ductos material impermeabilizante | F2: Electrical Specialist | I2: CERRADO | J2: PTE Validar Enel | L2: 46254
A3: PHL-39067 | B3: Cables | C3: SC20 | D3: Caja de paso de MT de los circuitos 8-9-10 del SC20 (cruce PR5) | E3: Limpieza de cables MT | F3: Electrical Specialist | I3: CERRADO | J3: PTE Validar Enel | L3: 46254
A4: PHL-39068 | B4: Cables | C4: SC20 | D4: Caja de paso de MT de los circuitos 8-9-10 del SC20 (cruce PR5) | E4: Aterrizar tapas de cajas | F4: Electrical Specialist | I4: CERRADO | J4: PTE Validar Enel | L4: 46254
A5: PHL-39069 | B5: Cables | C5: SC20 | D5: Caja de paso de MT de los circuitos 8-9-10 del SC20 (cruce PR5) | E5: Instalacion de monolitos | F5: Electrical Specialist | I5: ABIERTO | J5: ABIERTO | L5: 46254
A6: PHL-39070 | B6: Cables | C6: SC20 | D6: Caja de paso de MT de los circuitos 8-9-10 del SC20 (cruce PR5) | E6: Reconformacion de terreno alrededor de la caja | F6: Electrical Specialist | I6: CERRADO | J6: PTE Validar Enel | L6: 46254
A7: PHL-39071 | B7: Cables | C7: SC20 | D7: Caja de paso de MT de los circuitos 8-9-10 del SC20 (cruce PR5) | E7: Instalacion de tag y señalizacion RETIE | F7: Civil Specialist | I7: CERRADO | J7: PTE Validar Enel | L7: 46254
A8: PHL-39072 | B8: Cables | C8: SC20 | D8: Caja de paso de MT de los circuitos 8-9-10 del SC20 (cruce PR5) | E8: Retoque de pintura en tapas metalicas | F8: Safety and Environmental coordinator | I8: CERRADO | J8: PTE Validar Enel | L8: 46254
A9: PHL-39073 | B9: Cables | C9: SC20 | D9: Caja de empalme del CTO9 del SC20 en el cruce de promigas PR5 costado Sur | E9: Sellado ductos material impermeabilizante | F9: Electrical Specialist | I9: ABIERTO | J9: ABIERTO | L9: 46254
A10: PHL-40560 | B10: Others | C10: SC20 | E10: Falta instalar cuarto amarre plástico en ducto de cable solar en general y retirar sobrante de amarre plástico en general. ID37_SC20 | F10: Electrical Discipline | G10: - | H10: - | I10: CERRADO | J10: CERRADO | K10: 2026-07-28 | L10: 46254
A11: PHL-39074 | B11: Cables | C11: SC20 | D11: Caja de empalme del CTO9 del SC20 en el cruce de promigas PR5 costado Sur | E11: Limpieza de cables MT | F11: Electrical Specialist | I11: ABIERTO | J11: ABIERTO | L11: 46254
A12: PHL-39075 | B12: Cables | C12: SC20 | D12: Caja de empalme del CTO9 del SC20 en el cruce de promigas PR5 costado Sur | E12: Tapar zanja de MT del CTO09 que se cruza con la BT en el SC24. | F12: Electrical Specialist | I12: ABIERTO | J12: ABIERTO | L12: 46254
A13: PHL-39076 | B13: Cables | C13: SC20 | D13: Caja de empalme del CTO9 del SC20 en el cruce de promigas PR5 costado Sur | E13: Aterrizar tapas de cajas | F13: Electrical Specialist | I13: ABIERTO | J13: ABIERTO | L13: 46254
A14: PHL-39077 | B14: Cables | C14: SC20 | D14: Caja de empalme del CTO9 del SC20 en el cruce de promigas PR5 costado Sur | E14: Instalacion de monolitos | F14: Electrical Specialist | I14: ABIERTO | J14: ABIERTO | L14: 46254
A15: PHL-39078 | B15: Cables | C15: SC20 | D15: Caja de empalme del CTO9 del SC20 en el cruce de promigas PR5 costado Sur | E15: Reconformacion de terreno alrededor de la caja | F15: Civil Specialist | I15: ABIERTO | J15: ABIERTO | L15: 46254
A16: PHL-39079 | B16: Cables | C16: SC20 | D16: Caja de empalme del CTO9 del SC20 en el cruce de promigas PR5 costado Sur | E16: Instalacion de tag y señalizacion RETIE | F16: Safety and Environmental coordinator | I16: ABIERTO | J16: ABIERTO | L16: 46254
A17: PHL-39080 | B17: Cables | C17: SC20 | D17: Caja de empalme del CTO9 del SC20 en el cruce de promigas PR5 costado Sur | E17: Retoque de pintura en tapas metalicas | F17: Civil Specialist | I17: ABIERTO | J17: ABIERTO | L17: 46254
A18: PHL-39081 | B18: Cables | C18: SC20 | D18: Caja de empalme del CTO9 del SC20 en el cruce de promigas PR5 costado Sur | E18: Pendiente instalacion de canal en U para division de tapas | F18: Civil Specialist | I18: ABIERTO | J18: ABIERTO | L18: 46254
A19: PHL-40532 | B19: Others | C19: SC20 | E19: Se requiere realizar la adecuación del terreno al rededor de bases de inversores (General) ID1_SC20 | F19: Civil Discipline | I19: CERRADO | J19: PTE Validar Enel | L19: 46254
A20: PHL-40533 | B20: Others | C20: SC20 | E20: Realizar la liberación del Torque en salida BT Inversores (General) ID2_SC20 | F20: Electrical Discipline | I20: CERRADO | J20: PTE Validar Enel | L20: 46254
A21: PHL-40534 | B21: Others | C21: SC20 | E21: Realizar el retiro de cartón en Marcos de paneles (General) ID3_SC20 | F21: Mechanical Discipline | I21: CERRADO | J21: PTE Validar Enel | L21: 46254
A22: PHL-40535 | B22: Others | C22: SC20 | E22: Realizar la Limpieza de actuadores (General) ID4_SC20 | F22: Mechanical Discipline | I22: CERRADO | J22: PTE Validar Enel | L22: 46254
A23: PHL-40536 | B23: Others | C23: SC20 | E23: Retiro de madera en salto de rana en cabezotes de tracker donde existe el paso de tubos HDPE con solar MQR 061 ID7_SC20 | F23: Electrical Discipline | I23: CERRADO | J23: PTE Validar Enel | L23: 46254
A24: PHL-40537 | B24: Others | C24: SC20 | E24: Limpieza de caja de paso BT lado norte inv. (6,1,2,3,4 y 5.) ID9_SC20 | F24: Electrical Discipline | I24: CERRADO | J24: PTE Validar Enel | L24: 46254
A25: PHL-40538 | B25: Others | C25: SC20 | E25: Recortar Excesos Poliuretano Ducto Salto Trackers (General) ID10_SC20 | F25: Electrical Discipline | I25: CERRADO | J25: CERRADO | K25: 46293 | L25: 46254
A26: PHL-40576 | B26: Others | C26: SC20 | E26: Realizar la instalación de señalización vertical del SC (General) ID56_SC20 | F26: O&M | I26: CERRADO | J26: CERRADO | K26: 46226 | L26: 46254
A27: PHL-40539 | B27: Others | C27: SC20 | E27: Realizar limpieza de String Inverter (General) ID11_SC20 | F27: Electrical Discipline | I27: CERRADO | J27: CERRADO | K27: 46293 | L27: 46254
A28: PHL-40540 | B28: Others | C28: SC20 | E28: Caja de paso de BT lado sur se debe realizar limpieza, Sellar ductería de reserva ( paso de inv7,8,9,10,11 y 12), adecuar el área perimetral y arreglar aterrizaje de tapa. ID13_SC20 | F28: Electrical Discipline | I28: CERRADO | J28: PTE Validar Enel | L28: 46254
A29: PHL-40541 | B29: Others | C29: SC20 | E29: Realizar el retiro de plásticos en ductos HDPE (General) ID14_SC20 | F29: O&M | I29: CERRADO | J29: PTE Validar Enel | L29: 46254
A30: PHL-40542 | B30: Others | C30: SC20 | E30: Realizar peinado Cable Solar TR 045 ID15_SC20 | F30: Electrical Discipline | I30: CERRADO | J30: PTE Validar Enel | L30: 46254
A31: PHL-40544 | B31: Others | C31: SC20 | E31: Pendiente realizar limpieza general, retiro maderas, icopor, cajas de cartón y plásticos en todo el subcampo, RCD y demás materiales del subcampo ID18_SC20 | F31: Environmental Discipline | I31: CERRADO | J31: PTE Validar Enel | L31: 46254
A32: PHL-40545 | B32: Others | C32: SC20 | E32: Realiza retiro de cintas de papel de tubo HDPE (General) ID19_SC20 | F32: O&M | I32: CERRADO | J32: PTE Validar Enel | L32: 46254
A33: PHL-40583 | B33: Others | C33: SC20 | E33: Realizar orden y aseo al rededor del CT 20 ID70_SC20 | F33: Environmental Discipline | G33: se confirma cierre desde el area ambiental | H33: se confirma cierre desde el area ambiental | I33: CERRADO | J33: CERRADO | K33: 2026-07-16 | L33: 46254
A34: PHL-40546 | B34: Others | C34: SC20 | E34: General: limpieza de bases de String Inverter ID20_SC20 | F34: O&M | I34: CERRADO | J34: PTE Validar Enel | L34: 46254
A35: PHL-40547 | B35: Others | C35: SC20 | E35: Pendiente instalar Tag de identificación de inversores (General) ID21_SC20 | F35: Electrical Discipline | I35: CERRADO | J35: PTE Validar Enel | L35: 46254
A36: PHL-40548 | B36: Others | C36: SC20 | E36: Limpieza cunetas en el perímetro del SC ID22_SC20 | F36: Civil Discipline | I36: CERRADO | J36: PTE Validar Enel | L36: 46254
A37: PHL-40549 | B37: Others | C37: SC20 | E37: Realizar limpieza de abrazaderas soporte casquilletes (General) ID23_SC20 | F37: O&M | I37: ABIERTO | J37: ABIERTO | L37: 46254
A38: PHL-40550 | B38: Others | C38: SC20 | E38: Realizar limpieza de cable solar, presencia de barro en cableado (General) ID24_SC20 | F38: O&M | I38: CERRADO | J38: PTE Validar Enel | L38: 46254
A39: PHL-40551 | B39: Others | C39: SC20 | E39: Realizar limpieza de cable, motor y estructura de actuador (General) ID25_SC20 | F39: O&M | I39: CERRADO | J39: PTE Validar Enel | L39: 46254
A40: PHL-40552 | B40: Others | C40: SC20 | E40: Aplicación de Espuma Poliuretano Ductos Saltos de Hincas (General) ID26_SC20 | F40: Electrical Discipline | I40: CERRADO | J40: CERRADO | K40: 46293 | L40: 46254
A41: PHL-40553 | B41: Others | C41: SC20 | E41: Realizar instalación de tapones pendientes en MC4 (General) ID28_SC20 | F41: O&M | I41: CERRADO | J41: PTE Validar Enel | L41: 46254
A42: PHL-40554 | B42: Others | C42: SC20 | E42: Retiro de material sobrante de excavación ID29_SC20 | F42: Civil Discipline | I42: CERRADO | J42: PTE Validar Enel | L42: 46254
A43: PHL-40555 | B43: Others | C43: SC20 | E43: Realizar relleno Excavación Abierta Cobre Expuesto TR 049 ID31_SC20 | F43: Electrical Discipline | I43: CERRADO | J43: PTE Validar Enel | L43: 46254
A44: PHL-40556 | B44: Others | C44: SC20 | E44: Realizar conexionado del String 20(-) en los inversores 02 y 03. ID32_SC20 | F44: Electrical Discipline | I44: ABIERTO | J44: ABIERTO | L44: 46254
A45: PHL-40557 | B45: Others | C45: SC20 | E45: Falta realizar limpieza y aplicación de pintura en hincas (general) ID33_SC20 | F45: O&M | I45: ABIERTO | J45: ABIERTO | L45: 46254
A46: PHL-40558 | B46: Others | C46: SC20 | E46: Realizar el Sellado de tubo soporte del sensor Snow ID34_SC20 | F46: Electrical Discipline | I46: CERRADO | J46: PTE Validar Enel | L46: 46254
A47: PHL-40559 | B47: Others | C47: SC20 | E47: Falta Multiseal en NCU ID36_SC20 | F47: Electrical Discipline | I47: CERRADO | J47: PTE Validar Enel | L47: 46254
A48: PHL-40561 | B48: Others | C48: SC20 | E48: Falta TAG NCU ID38_SC20 | F48: Electrical Discipline | I48: CERRADO | J48: PTE Validar Enel | L48: 46254
A49: PHL-40543 | B49: Others | C49: SC20 | E49: Adecuación general del terreno por ahuellamientos y montículos de tierra en todo el sc20 ID16_SC20 | F49: Civil Discipline | I49: CERRADO | J49: CERRADO | K49: 46226 | L49: 46254
A50: PHL-40562 | B50: Others | C50: SC20 | E50: Adecuar y mejorar afloramientos en ductos HDPE, se encuentran tubos mal enterrados (General) ID39_SC20 | F50: O&M | I50: CERRADO | J50: PTE Validar Enel | L50: 46254
A51: PHL-40563 | B51: Others | C51: SC20 | E51: Realizar limpieza de paneles anverso y reverso (General) ID40_SC20 | F51: O&M | I51: CERRADO | J51: PTE Validar Enel | L51: 46254
A52: PHL-40564 | B52: Others | C52: SC20 | E52: realizar retiro de cinta de marcación provisional (General) ID43_SC20 | F52: O&M | I52: CERRADO | J52: PTE Validar Enel | L52: 46254
A53: PHL-40565 | B53: Others | C53: SC20 | E53: Liberación de Torque SPT Inversores (General) ID44_SC20 | F53: Electrical Discipline | I53: CERRADO | J53: PTE Validar Enel | L53: 46254
A54: PHL-40566 | B54: Others | C54: SC20 | E54: Se debe enterrar adecuadamente ductería de cable solar sobre Tracker 064 ID45_SC20 | F54: Civil Discipline | I54: CERRADO | J54: PTE Validar Enel | L54: 46254
A55: PHL-40567 | B55: Others | C55: SC20 | E55: Instalación Marquilla Riesgo Eléctrico Inversores (General) ID46_SC20 | F55: Electrical Discipline | I55: CERRADO | J55: PTE Validar Enel | L55: 46254
A56: PHL-40568 | B56: Others | C56: SC20 | E56: Sellado de ducto de la tierra Tracker en el inversor 02 ID47_SC20 | F56: Electrical Discipline | I56: CERRADO | J56: PTE Validar Enel | L56: 46254
A57: PHL-40569 | B57: Others | C57: SC20 | E57: Realizar la limpieza de ejes con alta suciedad y barro (General) ID48_SC20 | F57: O&M | I57: CERRADO | J57: PTE Validar Enel | L57: 46254
A58: PHL-40570 | B58: Others | C58: SC20 | E58: Figurar cableado solar en Tracker 068 mesa asociada al inversor 16. ID49_SC20 | F58: Electrical Discipline | I58: CERRADO | J58: PTE Validar Enel | L58: 46254
A59: PHL-40571 | B59: Others | C59: SC20 | E59: Profundizar tierra en el Tracker MRQ043. ID50_SC20 | F59: Electrical Discipline | I59: CERRADO | J59: PTE Validar Enel | L59: 46254
A60: PHL-40572 | B60: Others | C60: SC20 | E60: Recortar Puntas sonbrantes de las bridas (General) ID52_SC20 | F60: Electrical Discipline | I60: CERRADO | J60: PTE Validar Enel | L60: 46254
A61: PHL-40573 | B61: Others | C61: SC20 | E61: Conformación del terreno alrededor de la NCU ID53_SC20 | F61: Civil Discipline | I61: CERRADO | J61: PTE Validar Enel | L61: 46254
... A67: PHL-40580 | B67: Others | C67: SC20 | E67: Instalación de Tapa Eje Tracker TR 055 ID63_SC20 | F67: Mechanical Discipline | I67: ABIERTO | J67: ABIERTO | L67: 46254
A68: PHL-40581 | B68: Others | C68: SC20 | E68: Falta fusión conexionado de comunicación, potencia y sellado de ingreso de cable tierra en NCU ID64_SC20 | F68: Electrical Discipline | I68: CERRADO | J68: CERRADO | K68: 46293 | L68: 46254
A69: PHL-40582 | B69: Others | C69: SC20 | E69: Pendiente llegada de cableado de fibra y fuerza a tablero de comunicaciones. Además de base de concreto. ID69_SC20 | F69: Electrical Discipline | I69: CERRADO | J69: PTE Validar Enel | L69: 46254
A70: PHL-40584 | B70: Others | C70: SC20 | E70: Gestión de materiales sobrantes de excavación y construcción. CT20 ID71_SC20 | F70: Environmental Discipline | I70: CERRADO | J70: PTE Validar Enel | L70: 46254
A71: PHL-40585 | B71: Others | C71: SC20 | E71: Realizar la rocería en el SC ID75_SC20 | F71: Project HSE&Q support | I71: CERRADO | J71: PTE Validar Enel | L71: 46254
A72: PHL-40586 | B72: Others | C72: SC20 | E72: Realizar la instalación de señalización riesgo eléctrico en el CT y el SC. ID76_SC20 | F72: Project HSE&Q support | I72: CERRADO | J72: PTE Validar Enel | L72: 46254
A73: PHL-40587 | B73: Others | C73: SC20 | E73: Pendiente Seriado y Peinado de Panel en TR 070 y TR 071 ID79_SC20 | F73: Electrical Discipline | I73: CERRADO | J73: PTE Validar Enel | L73: 46254
A74: PHL-40588 | B74: Others | C74: SC21 | E74: Pendiente limpieza y pintura en hinca y otros componentes Del trackers (General) ID2_SC21 | F74: Mechanical Discipline | I74: CERRADO | J74: PTE Validar Enel | L74: 46254
A75: PHL-40589 | B75: Others | C75: SC21 | E75: Recorte de excesos Espuma Poliuretano Ductos Salto Hincas (General) ID3_SC21 | F75: Electrical Discipline | I75: CERRADO | J75: PTE Validar Enel | L75: 46254
A76: PHL-40590 | B76: Others | C76: SC21 | E76: Recorte Excesos Espuma Poliuretano y Aplicación Multiseal Afloramiento BT Inversores (General) ID4_SC21 | F76: Electrical Discipline | I76: CERRADO | J76: PTE Validar Enel | L76: 46254
A77: PHL-40591 | B77: Others | C77: SC21 | E77: Pendiente sellado de ducto de cable solar sobre torquetubo (General) ID5_SC21 | F77: Electrical Discipline | I77: CERRADO | J77: PTE Validar Enel | L77: 46254
A78: PHL-40592 | B78: Others | C78: SC21 | E78: Pendiente Galvanizado de hincas MQR 062 y MQR 105 ID6_SC21 | F78: Mechanical Discipline | I78: ABIERTO | J78: ABIERTO | L78: 46254
A79: PHL-40593 | B79: Others | C79: SC21 | E79: Pendiente limpieza de paneles en ambas caras, marcos y soportes, retiro de carton en soportes (General) ID7_SC21 | F79: Electrical Discipline | I79: CERRADO | J79: PTE Validar Enel | L79: 46254
A80: PHL-40594 | B80: Others | C80: SC21 | E80: Pendiente instalacion de multiseal en llegada a inversor de ductos solares (General) ID8_SC21 | F80: Electrical Discipline | I80: CERRADO | J80: PTE Validar Enel | L80: 46254
... A82: PHL-40596 | B82: Others | C82: SC21 | E82: Pendiente instalacion de señalizacion de riesgo electrico en inversores ID10_SC21 | F82: Electrical Discipline | I82: CERRADO | J82: PTE Validar Enel | L82: 46254
A83: PHL-40597 | B83: Others | C83: SC21 | E83: Correccion de oxidaciones en tornillos en riel de soporte de inversores, aplicación de torque y marcacion en tornillos (General) ID11_SC21 | F83: Mechanical Discipline | I83: CERRADO | J83: CERRADO | K83: 46294 | L83: 46254
A84: PHL-40598 | B84: Others | C84: SC21 | E84: Pendiente correccion de Hincas bajas MQR 082. ID12_SC21 | F84: Civil Discipline | I84: ABIERTO | J84: ABIERTO | L84: 46254
A85: PHL-40599 | B85: Others | C85: SC21 | E85: Pendiente ajustar tuercas en paneles y marcacion de testigos de torque (General) Pendiente la marcación de torqueo soportes de omegas (General) ID14_SC21 | F85: Mechanical Discipline | I85: CERRADO | J85: PTE Validar Enel | L85: 46254
A86: PHL-40601 | B86: Others | C86: SC21 | E86: Pendiente adecuación de terreno alrededor de Base de los Inversores (General) ID16_SC21 | F86: Civil Discipline | I86: CERRADO | J86: PTE Validar Enel | L86: 46254
A87: PHL-40602 | B87: Others | C87: SC21 | E87: Pendiente Terminación estructura metálica de protección (Techo) de inversores externos a Trackers (2/13, 2/14, 2/15, 2/16) ID17_SC21 | F87: Mechanical Discipline | I87: CERRADO | J87: PTE Validar Enel | L87: 46254
A88: PHL-40603 | B88: Others | C88: SC21 | E88: Pendiente construcción de la plataforma (Según Ingenieria) y vía de acceso a la Cabina CT. ID18_SC21 | F88: Civil Discipline | I88: CERRADO | J88: PTE Validar Enel | L88: 46254
A89: PHL-40600 | B89: Others | C89: SC21 | E89: Pendiente adecuacion de terrreno en todo el Subcampo 21 ID15_SC21 | F89: Civil Discipline | I89: CERRADO | J89: CERRADO | K89: 46226 | L89: 46254
A90: PHL-40604 | B90: Others | C90: SC21 | E90: Pendiente retiro de tacos de madera en soporte de tuberia y conductores (General) ID19_SC21 | F90: O&M | I90: CERRADO | J90: PTE Validar Enel | L90: 46254
A91: PHL-40605 | B91: Others | C91: SC21 | E91: Pendiente aplicar Espuma Poliuretano y Multiseal en Afloramiento de Latiguillo SPT Inversores e Hincas (General) ID21_SC21 | F91: Electrical Discipline | I91: CERRADO | J91: PTE Validar Enel | L91: 46254
A92: PHL-40606 | B92: Others | C92: SC21 | E92: Falta Instalar tapa del torquetubo del tracker 32 ID22_SC21 | F92: Mechanical Discipline | I92: ABIERTO | J92: ABIERTO | L92: 46254
A93: PHL-40607 | B93: Others | C93: SC21 | E93: Pendiente corte sobrante de amarre plástico (General) ID23_SC21 | F93: Electrical Discipline | I93: CERRADO | J93: PTE Validar Enel | L93: 46254
A94: PHL-40609 | B94: Others | C94: SC21 | E94: Falta respetar la profundidad del Latiguillo SPT y Ductos Solares, se evidencia muy expuestos (General) ID25_SC21 | F94: Electrical Discipline | I94: ABIERTO | J94: ABIERTO | L94: 46254
A95: PHL-40610 | B95: Others | C95: SC21 | E95: Pendiente culminar marcación de trackers (General) ID26_SC21 | F95: Mechanical Discipline | I95: CERRADO | J95: PTE Validar Enel | L95: 46254
A96: PHL-40611 | B96: Others | C96: SC21 | E96: Pendientre Limpieza Cable Solar TR 070 ID27_SC21 | F96: Electrical Discipline | I96: CERRADO | J96: PTE Validar Enel | L96: 46254
A97: PHL-40608 | B97: Others | C97: SC21 | E97: Pendiente instalar 4 amarres de sujecion en bajantes de tubo solar en hincas (General) ID24_SC21 | F97: Electrical Discipline | G97: - | H97: - | I97: CERRADO | J97: CERRADO | K97: 2026-07-28 | L97: 46254
A98: PHL-40612 | B98: Others | C98: SC21 | E98: Se requiere correccion de altura en Actuador bajo 107, muy bajo con respecto al terreno ID28_SC21 | F98: Mechanical Discipline | I98: ABIERTO | J98: ABIERTO | L98: 46254
A99: PHL-40613 | B99: Others | C99: SC21 | E99: Pendiente limpieza de inversores (General) ID30_SC21 | F99: Electrical Discipline | I99: CERRADO | J99: PTE Validar Enel | L99: 46254
A100: PHL-40614 | B100: Others | C100: SC21 | E100: Pendiente retiro de pintura en carcaza de Inversor String 07 ID31_SC21 | F100: Electrical Discipline | I100: ABIERTO | J100: ABIERTO | L100: 46254
A101: PHL-40615 | B101: Others | C101: SC21 | E101: Corregir sello en entrada de cableado BT en inversores (General) ID33_SC21 | F101: Electrical Discipline | I101: CERRADO | J101: PTE Validar Enel | L101: 46254
A102: PHL-40616 | B102: Others | C102: SC21 | E102: Limpieza Terminal MC4 Seriado Panel Solar TR 046 ID34_SC21 | F102: Electrical Discipline | I102: CERRADO | J102: PTE Validar Enel | L102: 46254
A103: PHL-40617 | B103: Others | C103: SC21 | E103: Falta demarcación de seguridad en ducto solar con protección amarilla en Tracker 102 ID35_SC21 | F103: Electrical Discipline | I103: CERRADO | J103: PTE Validar Enel | L103: 46254
A104: PHL-40618 | B104: Others | C104: SC21 | E104: Corregir apriete de SPT en hinca de todos inversores - se sugiere adicionar arandela entre tornillo y borna - condicion general del subcampo ID36_SC21 | F104: Electrical Discipline | I104: CERRADO | J104: PTE Validar Enel | L104: 46254
A105: PHL-40619 | B105: Others | C105: SC21 | E105: finalizar actividades de Excavaciones Abiertas de CCTV Vallado ID37_SC21 | F105: Project HSE&Q support | I105: ABIERTO | J105: ABIERTO | L105: 46254
A106: PHL-40620 | B106: Others | C106: SC21 | E106: Corregir inclinacion de luminarias provisonales del SC21 ID38_SC21 | F106: Project HSE&Q support | I106: CERRADO | J106: PTE Validar Enel | L106: 46254
...

Sheet CTO 8
A1: ITEM ID | B1: PART | C1: SC | D1: FUNCTIONAL_PART | E1: DESCRIPTION | F1: DETECTOR_ROLE | G1: SUPPLIER NOTES | H1: CLOSING NOTES | I1: STATUS ELECNOR | J1: STATUS IUP | K1: CLOSING DATE ENEL | L1: CLOSING DATE - ELECNOR
A2: PHL-40235 | B2: Others | C2: SC24 | E2: General: Falta perfilacion, Nivelación y sello de baches en terreno | sc24_53 | F2: Civil Discipline | I2: CERRADO | J2: PTE Validar Enel | L2: 46247
A3: PHL-40206 | B3: Others | C3: SC24 | E3: Alinear marquillas y cintas d colores RETIE inv 22 SC24 | sc24_2 | F3: Electrical Discipline | I3: CERRADO | J3: PTE Validar Enel | L3: 46247
A4: PHL-40242 | B4: Others | C4: SC24 | E4: Mejorar acabado Hormigonado Base Hincas en Inversores General. | sc24_66 | F4: Civil Discipline | I4: CERRADO | J4: PTE Validar Enel | L4: 46247
A5: PHL-40244 | B5: Others | C5: SC24 | E5: Paisajismo y finalizacion de nivelacion de terrreno en área de cajas en el cruce con la OC-05. | sc24_68 | F5: Civil Discipline | I5: CERRADO | J5: PTE Validar Enel | L5: 46247
A6: PHL-40263 | B6: Others | C6: SC24 | E6: TC 24: Construir acceso vial hacia la cabina | sc24_118 | F6: Civil Discipline | I6: CERRADO | J6: PTE Validar Enel | L6: 46247
A7: PHL-40265 | B7: Others | C7: SC24 | E7: Retiro acopio de residuos de tierra en sc24 | sc24_120 | F7: Civil Discipline | I7: CERRADO | J7: PTE Validar Enel | L7: 46247
A8: PHL-40205 | B8: Others | C8: SC24 | E8: Finalizar obras de Banco de Ductos BT Cruce Vial. | sc24_1 | F8: Civil Discipline | I8: CERRADO | J8: PTE Validar Enel | L8: 46247
A9: PHL-40213 | B9: Others | C9: SC24 | E9: Falta finalizar pollo en concreto de comunicaciones tc 24 | sc24_12 | F9: Civil Discipline | I9: CERRADO | J9: PTE Validar Enel | L9: 46247
A10: PHL-40215 | B10: Others | C10: SC24 | E10: Falta marcaciónen pernos de fijación de inversores SC24 (general) | sc24_19 | F10: Civil Discipline | I10: CERRADO | J10: PTE Validar Enel | L10: 46247
A11: PHL-40219 | B11: Others | C11: SC24 | E11: corregir Pandeo en caja de FO diagonal a la ITS24 | sc24_24 | F11: Civil Discipline | I11: CERRADO | J11: PTE Validar Enel | L11: 46247
A12: PHL-40221 | B12: Others | C12: SC24 | E12: Falta finalizacion de drenajes en SC24 y alrededores (General) | sc24_29 | F12: Civil Discipline | I12: CERRADO | J12: PTE Validar Enel | L12: 46247
A13: PHL-40222 | B13: Others | C13: SC24 | E13: Falta Rocería (General) | sc24_30 | F13: Civil Discipline | I13: CERRADO | J13: PTE Validar Enel | L13: 46247
... A19: PHL-40289 | B19: Others | C19: SC25 | E19: Adecuación de terreno entre tracker 82 y 83 | SC25_29 | F19: Civil Discipline | I19: CERRADO | J19: ABIERTO | L19: 46247
A20: PHL-40214 | B20: Others | C20: SC24 | E20: Aplicación de poliuretano en prensaestopa de SACU. | sc24_14 | F20: O&M | G20: se confirma cierre | H20: se confirma cierre | I20: CERRADO | J20: CERRADO | K20: 46226 | L20: 46247
A21: PHL-40230 | B21: Others | C21: SC24 | E21: Instalación de señales en Tapas cajas de paso BT Cajas de Paso BT OC 05 Costado Norte | sc24_46 | F21: Electrical Discipline | I21: CERRADO | J21: PTE Validar Enel | L21: 46247
A22: PHL-40235 | B22: Others | C22: SC24 | E22: General: Falta perfilacion, Nivelación y sello de baches en terreno | sc24_53 | F22: Civil Discipline | I22: CERRADO | J22: PTE Validar Enel | L22: 46247
A23: PHL-40247 | B23: Others | C23: SC24 | E23: Limpieza y retiro de sedimentos y recoleccion residuos en cunetas. Sc24 | sc24_85 | F23: Environmental Discipline | G23: - | H23: - | I23: CERRADO | J23: CERRADO | K23: 46219 | L23: 46247
A24: PHL-40248 | B24: Others | C24: SC24 | E24: NCU en frente del tracker MQR 40: Aplicar grout de nivelación en pernos de la base | sc24_86 | F24: Electrical Discipline | I24: CERRADO | J24: PTE Validar Enel | L24: 46247
A25: PHL-40249 | B25: Others | C25: SC24 | E25: Pendiente conectar spt lado BT TC24 | sc24_87 | F25: Electrical Discipline | I25: CERRADO | J25: PTE Validar Enel | L25: 46247
A26: PHL-40250 | B26: Others | C26: SC24 | E26: Sellado de ductos en BT TC24 (General) | sc24_91 | F26: Electrical Discipline | I26: CERRADO | J26: PTE Validar Enel | L26: 46247
A27: PHL-40251 | B27: Others | C27: SC24 | E27: Pendiente instalación base en concreto en String Inverter SI12 | sc24_93 | F27: Civil Discipline | I27: CERRADO | J27: PTE Validar Enel | L27: 46247
A28: PHL-40252 | B28: Others | C28: SC24 | E28: Celda G1 TC24 Ajustar SPT pantallas | sc24_95 | F28: Electrical Discipline | I28: CERRADO | J28: PTE Validar Enel | L28: 46247
A29: PHL-40253 | B29: Others | C29: SC24 | E29: Celda G1 TC24 Reemplazar termoencogible en spt está roto | sc24_97 | F29: Electrical Discipline | I29: CERRADO | J29: PTE Validar Enel | L29: 46247
A30: PHL-40254 | B30: Others | C30: SC24 | E30: Falta Relleno y Compactación en Afloramiento Pasos de Mesas En Subcampo (General) | sc24_108 | F30: Civil Discipline | I30: CERRADO | J30: PTE Validar Enel | L30: 46247
A31: PHL-40255 | B31: Others | C31: SC24 | E31: Retirar montículo de tierra entre trackers MQR39 y MQR40 | sc24_109 | F31: Civil Discipline | I31: CERRADO | J31: PTE Validar Enel | L31: 46247
A32: PHL-40256 | B32: Others | C32: SC24 | E32: Instalar amarre y remplazar lazo en la entrada del cable solar en los tracker 12 y 13. | sc24_110 | F32: Electrical Discipline | I32: CERRADO | J32: PTE Validar Enel | L32: 46247
A33: PHL-40257 | B33: Others | C33: SC24 | E33: Retirar Plástico si 2/14 | sc24_111 | F33: Electrical Discipline | I33: CERRADO | J33: PTE Validar Enel | L33: 46247
A34: PHL-40258 | B34: Others | C34: SC24 | E34: Garantizar estabilidad de los taludes de la OC 5, costados sur y norte | sc24_113 | F34: Civil Discipline | I34: CERRADO | J34: CERRADO | K34: 46294 | L34: 46247
A35: PHL-40290 | B35: Others | C35: SC25 | E35: Terminar de perfilar, reconformar y compactar terreno, contiguo al cerramiento perimetral (cerca a los MQR 041, 010, 009, 008, 097, 006, 005, 004, 003) | SC25_32 | F35: Civil Discipline | I35: CERRADO | J35: ABIERTO | L35: 46247
A36: PHL-40291 | B36: Others | C36: SC25 | E36: Perfilar y sellar zona entre trackers con presencia de carcavas | SC25_34 | F36: Civil Discipline | I36: CERRADO | J36: ABIERTO | L36: 46247
A37: PHL-40259 | B37: Others | C37: SC24 | E37: Retiro residuos de tierra en el cauce, costados sur y norte de la OC 5, para garantizar el recorrido del cauce | sc24_114 | F37: Civil Discipline | I37: CERRADO | J37: PTE Validar Enel | L37: 46247
A38: PHL-40292 | B38: Others | C38: SC25 | E38: finalizar todas las excavaciones y adecuaciones de terreno civil alrededor del ct | SC25_35 | F38: Civil Discipline | I38: CERRADO | J38: ABIERTO | L38: 46247
A39: PHL-40293 | B39: Others | C39: SC25 | E39: General: Retirar plástico Ducto Afloramiento BT Inversores | SC25_37 | F39: Civil Discipline | I39: CERRADO | J39: PTE Validar Enel | L39: 46247
A40: PHL-40260 | B40: Others | C40: SC24 | E40: Garantizar estabilidad y terminación del vial en la OC 5, debido a desprendimiento de los hombros o bordes en sc24 | sc24_115 | F40: Civil Discipline | I40: CERRADO | J40: PTE Validar Enel | L40: 46247
A41: PHL-40298 | B41: Others | C41: SC25 | E41: TC 25: Reconstruir el terraplén o plataforma con material de base granular, por capas, con compactacion respectiva y toma de densidades (no se acepta material alterado o contaminado) | SC25_42 | F41: Civil Discipline | I41: CERRADO | J41: CERRADO | K41: 46293 | L41: 46247
A42: PHL-40261 | B42: Others | C42: SC24 | E42: Retirar residuos tubería corrugada, en zona del tanque de aceites | sc24_116 | F42: Civil Discipline | G42: - | H42: - | I42: CERRADO | J42: CERRADO | K42: 46219 | L42: 46247
A43: PHL-40299 | B43: Others | C43: SC25 | E43: Boquilla del tanque de aceites y cuello de ganso inclinados. Enderezar e instalar señalizacion vertical | SC25_43 | F43: Civil Discipline | I43: CERRADO | J43: PTE Validar Enel | L43: 46247
A44: PHL-40303 | B44: Others | C44: SC25 | E44: Construir vía de acceso a la TC | SC25_47 | F44: Civil Discipline | I44: CERRADO | J44: ABIERTO | L44: 46247
A45: PHL-40324 | B45: Others | C45: SC26 | E45: Pendiente retiro y limpieza de residuos de construccion, madera y desechos en el subcampo 26 (General) | sc26_18 | F45: Civil Discipline | I45: CERRADO | J45: ABIERTO | L45: 46247
A46: PHL-40328 | B46: Others | C46: SC26 | E46: Pendiente profundizar ducto de cable solar MA0826-,MQR016 | sc26_22 | F46: Civil Discipline | I46: CERRADO | J46: ABIERTO | L46: 46247
A47: PHL-40331 | B47: Others | C47: SC26 | E47: Desencofrar bases de inversores y realizar lleno con compactacion manual alrededor de los mismos (General) | sc26_25 | F47: Civil Discipline | I47: CERRADO | J47: ABIERTO | L47: 46247
A48: PHL-40264 | B48: Others | C48: SC24 | E48: Limpieza y recolección de RCD junto a inversores y cunetas en sc24 | sc24_119 | F48: Environmental Discipline | G48: - | H48: - | I48: CERRADO | J48: CERRADO | K48: 46219 | L48: 46247
A49: PHL-40334 | B49: Others | C49: SC26 | E49: Aplicar grouting de nivelacion en zona de pernos de la NCU. | sc26_30 | F49: Civil Discipline | I49: CERRADO | J49: ABIERTO | L49: 46247
A50: PHL-40335 | B50: Others | C50: SC26 | E50: Generar drenaje en la superficie del concreto de la NCU | sc26_31 | F50: Civil Discipline | I50: CERRADO | J50: ABIERTO | L50: 46247
A51: PHL-40336 | B51: Others | C51: SC26 | E51: Pendiente Lleno con compactacion manual alrededor de la base de la NCU | sc26_32 | F51: Civil Discipline | I51: CERRADO | J51: ABIERTO | L51: 46247
A52: PHL-40340 | B52: Others | C52: SC26 | E52: Adecuar posicionamiento del tanque de aceites (aplome) para que el cuello de ganso quede vertical | sc26_42 | F52: Civil Discipline | I52: CERRADO | J52: ABIERTO | L52: 46247
A53: PHL-40341 | B53: Others | C53: SC26 | E53: Adecuar terreno alrededor del tanque de la Cabina | sc26_43 | F53: Civil Discipline | I53: CERRADO | J53: PTE Validar Enel | L53: 46247
A54: PHL-40342 | B54: Others | C54: SC26 | E54: Pendiente señalizacion vertical del tanque de aceites de la Cabina | sc26_45 | F54: Civil Discipline | I54: CERRADO | J54: PTE Validar Enel | L54: 46247
A55: PHL-40343 | B55: Others | C55: SC26 | E55: Pendiente construir vial de acceso a la TC 26 | sc26_46 | F55: Civil Discipline | I55: CERRADO | J55: ABIERTO | L55: 46247
A56: PHL-40267 | B56: Others | C56: SC24 | E56: Terminación tubo HDPE en la parte inferior del cableado de BT ingreso a TC. | sc24_123 | F56: O&M | G56: se confirma cierre | H56: se confirma cierre | I56: CERRADO | J56: CERRADO | K56: 46226 | L56: 46247
A57: PHL-40344 | B57: Others | C57: SC26 | E57: Se requiere construir terraplén o plataforma de la TC26, con base granular (no se acepta material alterado o contaminado), colocar bordillos y grava | sc26_47 | F57: Civil Discipline | I57: CERRADO | J57: CERRADO | K57: 46294 | L57: 46247
A58: PHL-40345 | B58: Others | C58: SC26 | E58: Pendiente resanar viga de cimentación de la TC 26, presenta averia | sc26_49 | F58: Civil Discipline | I58: ABIERTO | J58: ABIERTO | L58: 46247
A59: PHL-40349 | B59: Others | C59: SC26 | E59: Corregir acabados de los concretos en las bases CCTV | sc26_54 | F59: Civil Discipline | I59: ABIERTO | J59: ABIERTO | L59: 46247
A60: PHL-40350 | B60: Others | C60: SC26 | E60: Finalizar vallado correspondioente a seccion en cercania al Subcampo 26 SC26 | sc26_57 | F60: Civil Discipline | I60: ABIERTO | J60: ABIERTO | L60: 46247
A61: PHL-40352 | B61: Others | C61: SC26 | E61: Pendiente conformacion de cimentación de cuneta al rededor de la Cabina CT 26 | sc26_61 | F61: Civil Discipline | I61: CERRADO | J61: ABIERTO | L61: 46247
A62: PHL-40353 | B62: Others | C62: SC26 | E62: Se requiera limpieza de drenajes que se encuentran en cercania al Subcampo 26 | sc26_62 | F62: Civil Discipline | I62: CERRADO | J62: ABIERTO | L62: 46247
A63: PHL-40401 | B63: Others | C63: SC27 | E63: Se requiere protección de material granular en acopio en cercania de subcampo 27 | SC27_53 | F63: Civil Discipline | I63: CERRADO | J63: ABIERTO | L63: 46247
A64: PHL-40402 | B64: Others | C64: SC27 | E64: realizar cubierta de tierra en reserva en tubo NCU | SC27_54 | F64: Civil Discipline | I64: CERRADO | J64: ABIERTO | L64: 46247
A65: PHL-40405 | B65: Others | C65: SC27 | E65: Perfilar y nivelar terreno, por donde pasa el cableado de CCTV | SC27_57 | F65: Civil Discipline | I65: ABIERTO | J65: ABIERTO | L65: 46247
A66: PHL-40406 | B66: Others | C66: SC27 | E66: Mejorar la entrega final en tierra de la cuneta para que circule el agua por debajo de la malla del cerramiento | SC27_58 | F66: Civil Discipline | I66: CERRADO | J66: ABIERTO | L66: 46247
A67: PHL-40408 | B67: Others | C67: SC27 | E67: Retiro sedimento de la cuneta en concreto | SC27_60 | F67: Civil Discipline | I67: CERRADO | J67: ABIERTO | L67: 46247
A68: PHL-40409 | B68: Others | C68: SC27 | E68: Terminar de reconformar terraplén para evitar ingreso roedores alrededor de CT | SC27_61 | F68: Civil Discipline | I68: CERRADO | J68: PTE Validar Enel | L68: 46247
A69: PHL-40412 | B69: Others | C69: SC27 | E69: Terminar de colocar en la corona del terraplén la grava y bordillos perimetrales.. | SC27_65 | F69: Civil Discipline | I69: CERRADO | J69: PTE Validar Enel | L69: 46247
... A78: PHL-40399 | B78: Others | C78: SC27 | E78: Pendiente grouting en NCU, marcas de torque caja controladora | SC27_51 | F78: Civil Discipline | I78: CERRADO | J78: PTE Validar Enel | L78: 46247
A79: PHL-39512 | B79: Trenches and Cable Way | C79: SC24 | D79: MT CTO10_(138)Caja de empalme cxto 10 SC24 | E79: conformación de terreno Cajas de Empalme - Paso | F79: Civil Specialist | I79: CERRADO | J79: ABIERTO | L79: 46247
A80: PHL-39099 | B80: Cables | C80: SC24 | D80: Caja de Empalme Sectioning Pit Cto 09 Lewis 6-9 | E80: Tapar zanja de MT del CTO09 que se cruza con la BT en el SC24. | F80: Civil Specialist | I80: CERRADO | J80: ABIERTO | L80: 46247
A81: PHL-39092 | B81: Cables | C81: SC24 | D81: Caja de paso del costado norte de la OC5 de los CTOS 8-9-12 | E81: Tapar zanja de MT del CTO09 que se cruza con la BT en el SC24. | F81: Civil Specialist | I81: CERRADO | J81: ABIERTO | L81: 46247
A82: PHL-40192 | B82: Fiber optic | C82: SC24 | E82: para el sc24 corregir sugecion de cajas de fibra óptica para anillos de comunicación, actualmente pegadas con cinta doble cara | F82: Commissioning Manager | I82: CERRADO | J82: ABIERTO | L82: 46247
A83: PHL-40193 | B83: Fiber optic | C83: SC25 | E83: para el sc25 corregir sugecion de cajas de fibra óptica para anillos de comunicación, actualmente pegadas con cinta doble cara | F83: Commissioning Manager | I83: CERRADO | J83: ABIERTO | L83: 46247
A84: PHL-40194 | B84: Fiber optic | C84: SC26 | E84: para el sc26 corregir sugecion de cajas de fibra óptica para anillos de comunicación, actualmente pegadas con cinta doble cara | F84: Commissioning Manager | I84: CERRADO | J84: ABIERTO | L84: 46247
A85: PHL-40195 | B85: Fiber optic | C85: SC27 | E85: para el sc27 corregir sugecion de cajas de fibra óptica para anillos de comunicación, actualmente pegadas con cinta doble cara | F85: Commissioning Manager | I85: CERRADO | J85: ABIERTO | L85: 46247
A86: PHL-40274 | B86: Others | C86: SC25 | E86: instalacion de tapas en torquetubos del subcampo general | SC25_4 | F86: Mechanical Discipline | I86: ABIERTO | J86: ABIERTO | L86: 46247
A87: PHL-40269 | B87: Others | C87: SC24 | E87: General testigos de torque en tierras de TC. | sc24_126 | F87: O&M | G87: se confirma cierre | H87: se confirma cierre | I87: CERRADO | J87: CERRADO | K87: 46226 | L87: 46247
A88: PHL-40275 | B88: Others | C88: SC25 | E88: SC 25 - General: Perfilar y nivelar terreno para sello de baches o huecos dejados por maquinaria y equipo, evitando zonas inundables | SC25_5 | F88: Civil Discipline | I88: CERRADO | J88: PTE Validar Enel | L88: 46247
A89: PHL-40231 | B89: Others | C89: SC24 | E89: Pendiente instalacion (Tag, Tensión y Ctos) cajas de paso BT Cajas de Paso BT (General) | sc24_47 | F89: Electrical Discipline | I89: CERRADO | J89: PTE Validar Enel | L89: 46247
A90: PHL-40232 | B90: Others | C90: SC24 | E90: Pendiente instalacion de TAG de cajas de paso BT Cajas de Paso BT (General) | sc24_48 | F90: Electrical Discipline | I90: CERRADO | J90: PTE Validar Enel | L90: 46247
A91: PHL-40233 | B91: Others | C91: SC24 | E91: Falta recorte y acabado Ducto SPT Hincas Inversor 13 | sc24_49 | F91: Electrical Discipline | I91: CERRADO | J91: ABIERTO | L91: 46247
A92: PHL-40236 | B92: Others | C92: SC24 | E92: Mejorar Afloramiento SPT del Inversor 13 (Presenta afectacion en sello) | sc24_55 | F92: Electrical Discipline | I92: CERRADO | J92: ABIERTO | L92: 46247
A93: PHL-40237 | B93: Others | C93: SC24 | E93: Inv 20 SC24 reemplazo de cintas de colores se están decolorando | sc24_56 | F93: Electrical Discipline | I93: ABIERTO | J93: ABIERTO | L93: 46247
A94: PHL-40239 | B94: Others | C94: SC24 | E94: Finalizar obras de CCTV en sc24 | sc24_58 | F94: Electrical Discipline | I94: CERRADO | J94: CERRADO | K94: 46293 | L94: 46247
A95: PHL-40240 | B95: Others | C95: SC24 | E95: Mejorar acabado Afloramiento BT Inversor 2/13 | sc24_62 | F95: Electrical Discipline | I95: CERRADO | J95: ABIERTO | L95: 46247
A96: PHL-40241 | B96: Others | C96: SC24 | E96: Mejorar acabado Afloramiento BT Inversor 2/15 | sc24_63 | F96: Electrical Discipline | I96: CERRADO | J96: ABIERTO | L96: 46247
A97: PHL-40243 | B97: Others | C97: SC24 | E97: Orden y aseo cajas BT OC5 | sc24_67 | F97: Electrical Discipline | I97: CERRADO | J97: ABIERTO | L97: 46247
A98: PHL-40276 | B98: Others | C98: SC25 | E98: SC 25 - General: Limpieza estructura (incluye hincas, ejes de rotación, omegas soportes,, actuadores, etc) | SC25_7 | F98: O&M | I98: CERRADO | J98: PTE Validar Enel | L98: 46247
A99: PHL-40286 | B99: Others | C99: SC25 | E99: Adecuación de terreno para drenaje del área. | SC25_25 | F99: Civil Discipline | I99: CERRADO | J99: CERRADO | K99: 46226 | L99: 46247
A100: PHL-40245 | B100: Others | C100: SC24 | E100: Pendiente instalacion de Tapas cajas BT OC5 | sc24_70 | F100: Electrical Discipline | I100: CERRADO | J100: ABIERTO | L100: 46247
A101: PHL-40246 | B101: Others | C101: SC24 | E101: Pendiente senalizacion inversor SI - general | sc24_71 | F101: Electrical Discipline | I101: CERRADO | J101: ABIERTO | L101: 46247
A102: PHL-40262 | B102: Others | C102: SC24 | E102: Retirar/acomodar soporte ductos BT SI04 | sc24_117 | F102: Electrical Discipline | I102: CERRADO | J102: PTE Validar Enel | L102: 46247
A103: PHL-40268 | B103: Others | C103: SC24 | E103: Sellado ductos SPT en hinca y corte tubo PVC al ras de piso (General) | sc24_125 | F103: Electrical Discipline | I103: CERRADO | J103: ABIERTO | L103: 46247
A104: PHL-40270 | B104: Others | C104: SC24 | E104: Instalacion de señalizacion retie en caja de fo en diagonal a la its24 | sc24_127 | F104: Electrical Discipline | I104: CERRADO | J104: PTE Validar Enel | L104: 46247
A105: PHL-40207 | B105: Others | C105: SC24 | E105: Flata Instalación SPT en las tapas de las Cajas BT OC5 | sc24_3 | F105: Electrical Discipline | I105: CERRADO | J105: ABIERTO | L105: 46247
A106: PHL-40208 | B106: Others | C106: SC24 | E106: Falta impermiabilizar entrada de ductos de las BT oc05 Cajas | sc24_4 | F106: Electrical Discipline | I106: CERRADO | J106: ABIERTO | L106: 46247
A107: PHL-40209 | B107: Others | C107: SC24 | E107: Sellar ductos pendientes de las cajas BT OC5 | sc24_5 | F107: Electrical Discipline | I107: CERRADO | J107: ABIERTO | L107: 46247
A108: PHL-40211 | B108: Others | C108: SC24 | E108: Falta Instalar Cintas de colores RETIE en las cajas BT OC5 | sc24_8 | F108: Electrical Discipline | I108: CERRADO | J108: ABIERTO | L108: 46247
A109: PHL-40216 | B109: Others | C109: SC24 | E109: Falta marcación de Testigo SPT inversores SC24 (general) | sc24_21 | F109: Electrical Discipline | I109: CERRADO | J109: PTE Validar Enel | L109: 46247
A110: PHL-40217 | B110: Others | C110: SC24 | E110: Conformación de plataforma y acceso vehicular en área del CT 24 | sc24_22 | F110: Electrical Discipline | I110: CERRADO | J110: PTE Validar Enel | L110: 46247
A111: PHL-40220 | B111: Others | C111: SC24 | E111: Finalizar zanja y conexión de ductos de comunicaciónes general. Nota: Se debe generar red line con el recorrido e intersección de los ductos de CCTV, NCU, METEO, en SC24 | sc24_28 | F111: Electrical Discipline | I111: CERRADO | J111: ABIERTO | L111: 46247
... A123: PHL-40316 | B123: Others | C123: SC26 | E123: Pendiente multiseal en afloramiento ductos BT en Inversores (General) | sc26_8 | F123: Electrical Discipline | I123: CERRADO | J123: ABIERTO | L123: 46247
A124: PHL-40287 | B124: Others | C124: SC25 | E124: Falta una cuarta amarra en tracker para ductos solares ( general). | SC25_26 | F124: Electrical Discipline | G124: se confirma cierre | H124: se confirma cierre | I124: CERRADO | J124: CERRADO | K124: 46231 | L124: 46247
...

Sheet CTO 9
A1: ITEM ID | B1: PART | C1: SC | D1: FUNCTIONAL_PART | E1: DESCRIPTION | F1: DETECTOR_ROLE | G1: SUPPLIER NOTES | H1: CLOSING NOTES | I1: STATUS ELECNOR | J1: STATUS IUP | K1: CLOSING DATE ENEL | L1: CLOSING DATE - ELECNOR
A2: PHL-38325 | B2: Others | C2: SC28 | D2: SC28_(41) | E2: Desencofrado y lleno alrededor de la base de la estación meteo.. | F2: Civil Specialist | I2: ABIERTO | J2: ABIERTO | L2: 46233
A3: PHL-38336 | B3: Others | C3: SC28 | D3: SC28_(74) | E3: Se identifica acercamientos con el suelo debido a movimientos de tierra y desprendimiento de matrial | F3: Civil Specialist | I3: CERRADO | J3: ABIERTO | L3: 46233
A4: PHL-38334 | B4: Others | C4: SC28 | D4: SC28_(69) | E4: Conformación para control de carcavas SC-28. | F4: Civil Specialist | I4: CERRADO | J4: PTE Validar Enel | L4: 46233
A5: PHL-38627 | B5: PV Tracker system | C5: SC28 | D5: SC28_(93) | E5: limpieza de módulos. | F5: Civil Specialist | I5: CERRADO | J5: CERRADO | K5: 46294 | L5: 46233
A6: PHL-38312 | B6: LV/MV Transformation Cabin | C6: SC28 | D6: SC28_(38) | E6: Identificación del compartimiento de BT | F6: Electrical Specialist | G6: - | H6: - | I6: CERRADO | J6: CERRADO | K6: 2026-07-09 | L6: 46233
A7: PHL-38324 | B7: Roads | C7: SC28 | D7: SC28_(37) | E7: Construcción vial de acceso a la CT-28 | F7: Civil Specialist | I7: CERRADO | J7: PTE Validar Enel | L7: 46233
A8: PHL-38321 | B8: LV/MV Transformation Cabin | C8: SC28 | D8: SC28_(33) | E8: Remates y acabados del concreto de la cimentacion de la CT-28. | F8: Civil Specialist | G8: Acabada la cimentación del CT | I8: CERRADO | J8: CERRADO | L8: 46233
A9: PHL-38340 | B9: Others | C9: SC28 | D9: SC28_(81) | E9: La madera usada en la estructura, esta debe retirarse y hacer disposición adecuada. | F9: Environmental Officer | G9: - | H9: - | I9: CERRADO | J9: CERRADO | K9: 2026-05-12 | L9: 46233
A10: PHL-38331 | B10: PV Tracker system | C10: SC28 | D10: SC28_(54) | E10: Cárcavas afectan altura de hincas | F10: Civil Specialist | I10: CERRADO | J10: PTE Validar Enel | L10: 46233
A11: PHL-38342 | B11: Others | C11: SC28 | D11: SC28_(83) | E11: Limpieza general. Residuos de Icopor, y residuos de delimitación (manila, cinta peligro) el cual se encuentra en áreas ya conformadas. | F11: Environmental Officer | G11: se confirma cierre | H11: se confirma cierre | I11: CERRADO | J11: CERRADO | K11: 2026-07-07 | L11: 46233
A12: PHL-38341 | B12: Others | C12: SC28 | D12: SC28_(82) | E12: Revisar en el SC en general entre los trackers, ya que se observan residuos plásticos asi como RCD. | F12: Environmental Officer | G12: - | H12: - | I12: CERRADO | J12: CERRADO | K12: 2026-05-12 | L12: 46233
A13: PHL-38335 | B13: PV Tracker system | C13: SC28 | D13: SC28_(71) | E13: Se identifican Hincas que no cumplen con la altura debido al movimiento de tierra | F13: Civil Specialist | I13: ABIERTO | J13: PTE Validar Enel | L13: 46233
A14: PHL-38332 | B14: LV/MV Cabin for string inverter Assembly | C14: SC28 | D14: SC28_(65) | E14: Inversor MSE 01: Realizar resane al concreto de la base | F14: Civil Specialist | I14: CERRADO | J14: CERRADO | L14: 46233
A15: PHL-38316 | B15: LV/MV Cabin for string inverter Assembly | C15: SC28 | D15: SC28_(59) | E15: Instalación de la señalizacion RETIE en inversores | F15: Electrical Specialist | G15: - | H15: - | I15: CERRADO | J15: CERRADO | K15: 2026-07-09 | L15: 46233
A16: PHL-38315 | B16: LV/MV Cabin for string inverter Assembly | C16: SC28 | D16: SC28_(57) | E16: Instalación de placa característica en inversores | F16: Electrical Specialist | G16: - | H16: - | I16: CERRADO | J16: CERRADO | K16: 2026-07-09 | L16: 46233
A17: PHL-38322 | B17: LV/MV Transformation Cabin | C17: SC28 | D17: SC28_(35) | E17: Conformación de la plataforma, paisajismo y drenajes del área de la CT-28. | F17: Civil Specialist | G17: Conformación de la plataforma, paisajismo y drenajes del área de la CT-28. | I17: CERRADO | J17: CERRADO | K17: 46294 | L17: 46233
A18: PHL-38329 | B18: PV Tracker system | C18: SC28 | D18: SC28_(49) | E18: Hinca inversor MSE 20: Altura de hinca a acá ado de concreto 2,08 m. No cumple | F18: Civil Specialist | I18: ABIERTO | J18: PTE Validar Enel | L18: 46233
A19: PHL-38330 | B19: PV Tracker system | C19: SC28 | D19: SC28_(52) | E19: Hincas bajas por arrastre de material | F19: Civil Specialist | I19: ABIERTO | J19: PTE Validar Enel | L19: 46233
A20: PHL-38625 | B20: String Inverter | C20: SC28 | D20: SC28_(58) | E20: Inversor MSE 01: Realizar resane al concreto de la base | F20: Civil Specialist | G20: SE CONFIRMA CIERRE | H20: SE CONFIRMA CIERRE | I20: CERRADO | J20: CERRADO | K20: 2026-07-29 | L20: 46233
A21: PHL-38326 | B21: Others | C21: SC28 | D21: SC28_(42) | E21: Nivelación de terreno general del SC-28 | F21: Civil Specialist | I21: ABIERTO | J21: PTE Validar Enel | L21: 46233
A22: PHL-38811 | B22: LV/MV Transformation Cabin Others | C22: SC29 | D22: SC29_(25) | E22: Construir vía de acceso a la TC | F22: Civil Specialist | I22: CERRADO | J22: PTE Validar Enel | L22: 46233
A23: PHL-38317 | B23: LV/MV Cabin for string inverter Assembly | C23: SC28 | D23: SC28_(67) | E23: Realizar el cambio de los esparragos que no cumplen con la distancia mínima por fuera de la tuerca. | F23: Electrical Specialist | G23: Se realiza cambio de espárragos en inversores que no cumplen con la distancia mínima | H23: se confirma cierre | I23: CERRADO | J23: CERRADO | K23: 2026-07-30 | L23: 46233
A24: PHL-38893 | B24: PV Tracker system | C24: SC29 | D24: SC29_(115) | E24: Lavado de paneles | F24: Civil Specialist | I24: CERRADO | J24: CERRADO | K24: 46294 | L24: 46233
A25: PHL-38320 | B25: Others | C25: SC28 | D25: SC28_(96) | E25: Instalacion de sensores de temperatura | F25: Electrical Specialist | G25: - | H25: - | I25: CERRADO | J25: CERRADO | K25: 2026-07-09 | L25: 46233
A26: PHL-38859 | B26: PV Tracker system | C26: SC29 | D26: SC29_(80) | E26: Revisar instalacion tolerancia soporte a ras extremo torque tubos T61 hinca1 | F26: Civil Specialist | I26: CERRADO | J26: PTE Validar Enel | L26: 46233
A27: PHL-38815 | B27: LV/MV Transformation Cabin Others | C27: SC29 | D27: SC29_(31) | E27: Adecuación del terreno adyacente al acabado de cabina | F27: Civil Specialist | I27: CERRADO | J27: PTE Validar Enel | L27: 46233
A28: PHL-38333 | B28: LV/MV Cabin for string inverter Assembly | C28: SC28 | D28: SC28_(68) | E28: Inversor MSE 14: Realizar resane a base del concreto, en afloramiento del cable | F28: Civil Specialist | G28: Se resana base de concreto INV 14 | I28: CERRADO | J28: CERRADO | L28: 46233
A29: PHL-38628 | B29: Others | C29: SC28 | D29: SC28_(94) | E29: Roceria | F29: Civil Specialist | G29: Entrega de rocería | H29: se finalizan actividades | I29: CERRADO | J29: CERRADO | K29: 2026-05-12 | L29: 46233
A30: PHL-38865 | B30: String Inverter | C30: SC29 | D30: SC29_(86) | E30: Inversor MSE 009: Retirar plástico en la base devla hinca, completar sellado del concreto | F30: Civil Specialist | I30: ABIERTO | J30: PTE Validar Enel | L30: 46233
A31: PHL-38338 | B31: Others | C31: SC28 | D31: SC28_(79) | E31: Material de excavación mezclado con residuos plásticos (tuberia), adicionalmente se observa material petreo en el área. | F31: Environmental Officer | G31: - | H31: - | I31: CERRADO | J31: CERRADO | K31: 2026-05-12 | L31: 46233
A32: PHL-39170 | B32: LV/MV Cabin Others | C32: SC29 | D32: SC29_118 | E32: Pendiente base para los extintores | F32: Civil Specialist | I32: ABIERTO | J32: ABIERTO | L32: 46233
A33: PHL-38853 | B33: String Inverter | C33: SC29 | D33: SC29_(74) | E33: Sedimentacion placa concreto String Inverter T60 | F33: Civil Specialist | I33: ABIERTO | J33: ABIERTO | L33: 46233
A34: PHL-38861 | B34: String Inverter | C34: SC29 | D34: SC29_(82) | E34: Inversor MSE 11: Sellar fisuras en el acabado de la base del concreto | F34: Civil Specialist | I34: CERRADO | J34: PTE Validar Enel | L34: 46233
A35: PHL-38339 | B35: Others | C35: SC28 | D35: SC28_(80) | E35: Disponer adecuadamente.RCD, plástico y material de excavación | F35: Environmental Officer | G35: - | H35: - | I35: CERRADO | J35: CERRADO | K35: 2026-05-12 | L35: 46233
A36: PHL-38327 | B36: PV Tracker system | C36: SC28 | D36: SC28_(45) | E36: Identificación de tracker | F36: Civil Specialist | G36: se finalizan actividades | H36: se finalizan actividades | I36: CERRADO | J36: CERRADO | K36: 2026-05-12 | L36: 46233
A37: PHL-38852 | B37: String Inverter | C37: SC29 | D37: SC29_(72) | E37: General: Lleno compactado alrededor de las bases de los inversores | F37: Civil Specialist | I37: CERRADO | J37: PTE Validar Enel | L37: 46233
A38: PHL-38337 | B38: Others | C38: SC28 | D38: SC28_(78) | E38: Es necesario recolección de residuos de plástico, cartón, madera que se encuentran dispersos en el área. | F38: Environmental Officer | G38: - | H38: - | I38: CERRADO | J38: CERRADO | K38: 2026-05-12 | L38: 46233
A39: PHL-38343 | B39: Others | C39: SC28 | D39: SC28_(84) | E39: Cuenta con acopio temporal de residuos de madera, este espacio debe estar delimitado, señalizado, en orden y aseo. Adicionalmente cuando se realice el respectivo desmantelamiento y retiro total del acopio, el área debe entregarse limpia. | F39: Environmental Officer | G39: - | H39: - | I39: CERRADO | J39: CERRADO | K39: 2026-05-12 | L39: 46233
A40: PHL-38839 | B40: Others | C40: SC29 | D40: SC29_(57) | E40: General: Sello de carcsvas | F40: Civil Specialist | I40: CERRADO | J40: PTE Validar Enel | L40: 46233
A41: PHL-38807 | B41: LV/MV Transformation Cabin Others | C41: SC29 | D41: SC29_(21) | E41: CT: Conformar la plataforma | F41: Civil Specialist | I41: CERRADO | J41: PTE Validar Enel | L41: 46233
A42: PHL-38311 | B42: LV/MV Cabin for string inverter Assembly | C42: SC28 | D42: SC28_(26) | E42: Garantizar el cierre uniforme que evita el ingreso de animales al punto de conexión en BT. | F42: Electrical Specialist | G42: - | H42: - | I42: CERRADO | J42: CERRADO | K42: 2026-07-09 | L42: 46233
A43: PHL-39186 | B43: PV Tracker system | C43: SC28 | D43: SC28_COMM | E43: Cable esclava 8=T33 | F43: Commissioning Manager | G43: Conexión de cable | I43: CERRADO | J43: CERRADO | L43: 46233
A44: PHL-39188 | B44: PV Tracker system | C44: SC28 | D44: SC28_COMM | E44: Obstaculo =T38 y 39 | F44: Commissioning Manager | G44: Retiro de Obstaculos | H44: se finalizan actividades | I44: CERRADO | J44: CERRADO | K44: 2026-05-12 | L44: 46233
A45: PHL-39185 | B45: PV Tracker system | C45: SC28 | D45: SC28_COMM | E45: Cables esclavas =T14 | F45: Commissioning Manager | G45: PHL-39185 | H45: PHL-39185 | I45: CERRADO | J45: CERRADO | K45: 2026-07-10 | L45: 46233
A46: PHL-38855 | B46: PV Tracker system | C46: SC29 | D46: SC29_(76) | E46: Hinca con base de concreto cubierta por material de arrastre pendiente corte del terreno y garantizar descole Tracker 60 Hinca 1 | F46: Civil Specialist | I46: CERRADO | J46: PTE Validar Enel | L46: 46233
A47: PHL-38328 | B47: PV Tracker system | C47: SC28 | D47: SC28_(48) | E47: Se identifica material que obstruye movimiento de tracker | F47: Civil Specialist | G47: No hay impedimentos para el traqueo del ITS 028. | H47: se finalizan actividades | I47: CERRADO | J47: CERRADO | K47: 2026-05-12 | L47: 46233
A48: PHL-38346 | B48: Others | C48: SC28 | D48: SC28_(88) | E48: SPT del cerramiento del CT expuesto | F48: Environmental Officer | G48: SPT del cerramiento del CT ya no se encuentra expuesto. | H48: se confirma cierre | I48: CERRADO | J48: CERRADO | K48: 2026-07-08 | L48: 46233
A49: PHL-38345 | B49: Others | C49: SC28 | D49: SC28_(87) | E49: Caja de empalme sin tapa | F49: Environmental Officer | G49: Se instala tapa pendiente de la caja de paso ubicada al frente del CT del ITS 028. | H49: se finalizan actividades | I49: CERRADO | J49: CERRADO | K49: 2026-05-12 | L49: 46233
A50: PHL-38323 | B50: LV/MV Transformation Cabin | C50: SC28 | D50: SC28_(36) | E50: Instalación del cuello de ganso del tanque de fluidos de la CT-28. | F50: Civil Specialist | G50: Instalación de cuello de ganso del tanque de aguas aceitosas ITS 028 | H50: se finalizan actividades | I50: CERRADO | J50: CERRADO | K50: 2026-05-12 | L50: 46233
A51: PHL-38857 | B51: PV Tracker system | C51: SC29 | D51: SC29_(78) | E51: Corrección de hincas bajas,plicación de las medidas del Plan de manejo de erosión y drenajes | F51: Civil Specialist | I51: ABIERTO | J51: ABIERTO | L51: 46233
A52: PHL-38856 | B52: PV Tracker system | C52: SC29 | D52: SC29_(77) | E52: Revisar de manera general limpieza galvanizados estructuras | F52: Civil Specialist | I52: CERRADO | J52: PTE Validar Enel | L52: 46233
A53: PHL-38821 | B53: LV/MV Transformation Cabin Others | C53: SC29 | D53: SC29_(39) | E53: Conformación taludes y plataforma al rededor TC SC29 | F53: Civil Specialist | I53: CERRADO | J53: PTE Validar Enel | L53: 46233
A54: PHL-38894 | B54: Others | C54: SC29 | D54: SC29_(116) | E54: Limpieza de malla perimetral | F54: Civil Specialist | I54: CERRADO | J54: PTE Validar Enel | L54: 46233
A55: PHL-38826 | B55: PV Tracker system | C55: SC29 | D55: SC29_(44) | E55: Desencofrar base de la Estacion Metereologica, realizar lleno compactado a su alrededor y colocar grout en la base de los pernos | F55: Civil Specialist | I55: ABIERTO | J55: ABIERTO | L55: 46233
A56: PHL-38813 | B56: LV/MV Transformation Cabin Others | C56: SC29 | D56: SC29_(29) | E56: Construcción del terraplén y acabado en la Cabina. | F56: Civil Specialist | I56: CERRADO | J56: PTE Validar Enel | L56: 46233
A57: PHL-38831 | B57: Cables | C57: SC29 | D57: SC29_(49) | E57: Escalera caja MT debe ser varilla 5/8" e impermeabilizar caja | F57: Civil Specialist | I57: CERRADO | J57: PTE Validar Enel | L57: 46233
A58: PHL-38876 | B58: PV Tracker system | C58: SC29 | D58: SC29_(97) | E58: No se observa señales de torqueo de manera general en todo en todo en su campo en soporte de omegas | F58: Civil Specialist | I58: CERRADO | J58: PTE Validar Enel | L58: 46233
A59: PHL-38872 | B59: String Inverter | C59: SC29 | D59: SC29_(93) | E59: Placa cubierta de sedimentos tracker 60 inca 1 dl | F59: Civil Specialist | I59: CERRADO | J59: PTE Validar Enel | L59: 46233
A60: PHL-38863 | B60: Others | C60: SC29 | D60: SC29_(84) | E60: General: Nivelar y reconformar el terreno del Subcampo | F60: Civil Specialist | I60: CERRADO | J60: PTE Validar Enel | L60: 46233
A61: PHL-38854 | B61: PV Tracker system | C61: SC29 | D61: SC29_(75) | E61: General: Limpieza en elementos de estructura | F61: Civil Specialist | I61: CERRADO | J61: PTE Validar Enel | L61: 46233
A62: PHL-38843 | B62: Others | C62: SC29 | D62: SC29_(62) | E62: Adecuación general del terreno evitando empozamientos | F62: Civil Specialist | I62: CERRADO | J62: PTE Validar Enel | L62: 46233
A63: PHL-38819 | B63: LV/MV Transformation Cabin Others | C63: SC29 | D63: SC29_(37) | E63: Anclaje TC manera general SC29, faltan pernos de platina a cabina e instalación de una platina | F63: Civil Specialist | G63: SE CONFIRMA CIERRE | H63: SE CONFIRMA CIERRE | I63: CERRADO | J63: CERRADO | K63: 2026-07-28 | L63: 46233
